post_id,comment,upvotes,time,is_submitter,model1,model2,model3,majority_votes
qibuvl,"Im Indian and trust me, it never got into my reccomendation, I joined this sub myself",54,29-10-2021 13:47,False,negative,negative,positive,negative
qibuvl,"Taiwan does not exist, take your meds. Social credit -1 million",97,29-10-2021 12:43,False,neutral,neutral,negative,neutral
qibuvl,"**ATTENTION CITIZEN! 市民请注意!**

  
⣿⣿⣿⣿⣿⠟⠋⠄⠄⠄⠄⠄⠄⠄⢁⠈⢻⢿⣿⣿⣿⣿⣿⣿⣿ ⣿⣿⣿⣿⣿⠃⠄⠄⠄⠄⠄⠄⠄⠄⠄⠄⠄⠈⡀⠭⢿⣿⣿⣿⣿ ⣿⣿⣿⣿⡟⠄⢀⣾⣿⣿⣿⣷⣶⣿⣷⣶⣶⡆⠄⠄⠄⣿⣿⣿⣿ ⣿⣿⣿⣿⡇⢀⣼⣿⣿⣿⣿⣿⣿⣿⣿⣿⣿⣧⠄⠄⢸⣿⣿⣿⣿ ⣿⣿⣿⣿⣇⣼⣿⣿⠿⠶⠙⣿⡟⠡⣴⣿⣽⣿⣧⠄⢸⣿⣿⣿⣿ ⣿⣿⣿⣿⣿⣾⣿⣿⣟⣭⣾⣿⣷⣶⣶⣴⣶⣿⣿⢄⣿⣿⣿⣿⣿ ⣿⣿⣿⣿⣿⣿⣿⣿⡟⣩⣿⣿⣿⡏⢻⣿⣿⣿⣿⣿⣿⣿⣿⣿⣿ ⣿⣿⣿⣿⣿⣿⣹⡋⠘⠷⣦⣀⣠⡶⠁⠈⠁⠄⣿⣿⣿⣿⣿⣿⣿ ⣿⣿⣿⣿⣿⣿⣍⠃⣴⣶⡔⠒⠄⣠⢀⠄⠄⠄⡨⣿⣿⣿⣿⣿⣿ ⣿⣿⣿⣿⣿⣿⣿⣦⡘⠿⣷⣿⠿⠟⠃⠄⠄⣠⡇⠈⠻⣿⣿⣿⣿ ⣿⣿⣿⣿⡿⠟⠋⢁⣷⣠⠄⠄⠄⠄⣀⣠⣾⡟⠄⠄⠄⠄⠉⠙⠻ ⡿⠟⠋⠁⠄⠄⠄⢸⣿⣿⡯⢓⣴⣾⣿⣿⡟⠄⠄⠄⠄⠄⠄⠄⠄ ⠄⠄⠄⠄⠄⠄⠄⣿⡟⣷⠄⠹⣿⣿⣿⡿⠁⠄⠄⠄⠄⠄⠄⠄⠄ ATTENTION CITIZEN! 市民请注意!  
  
This is the Central Intelligentsia of the Chinese Communist Party. 您的 Internet 浏览器历史记录和活动引起了我们的注意。 YOUR INTERNET ACTIVITY HAS ATTRACTED OUR ATTENTION. 因此，您的个人资料中的 11115 ( -11115 Social Credits) 个社会积分将打折。 DO NOT DO THIS AGAIN! 不要再这样做! If you do not hesitate, more Social Credits ( -11115 Social Credits )will be subtracted from your profile, resulting in the subtraction of ration supplies. (由人民供应部重新分配 CCP) You'll also be sent into a re-education camp in the Xinjiang Uyghur Autonomous Zone. 如果您毫不犹豫，更多的社会信用将从您的个人资料中打折，从而导致口粮供应减少。 您还将被送到新疆维吾尔自治区的再教育营。  
  
为党争光! Glory to the CCP!",47,29-10-2021 13:50,False,neutral,neutral,positive,neutral
qibuvl,"*Social Credit: +9999*

Joke aside, what are your thoughts about this sub?",25,29-10-2021 12:39,False,neutral,neutral,positive,neutral
qibuvl,"Genuine question, is Chinese Taipai offensive to you?",8,29-10-2021 13:53,False,negative,negative,positive,negative
qibuvl,ahh hello mister taiwan man neighbour. feels good to be bordering western taiwan,22,29-10-2021 13:03,False,positive,positive,positive,positive
qibuvl,"Give him few weeks, he'll start shouting buddha was born in Nepal.",11,29-10-2021 16:33,False,neutral,neutral,negative,neutral
qibuvl,https://youtu.be/SivAptadYGo John Xina is singing Bing Chilling now. He will come later to Kidnap you.,5,29-10-2021 14:39,False,neutral,neutral,negative,neutral
qibuvl,A Taiwanese monk used to come to our home whenever he visited Nepal when i was a kid. He loved the food at home specially the cauliflower. We literally couldn't communicate at all but somehow he became a good family friend. This post reminded me of the great guy.,5,30-10-2021 02:37,False,positive,positive,positive,positive
qibuvl,Lol welcome,4,29-10-2021 14:26,False,positive,positive,positive,positive
qibuvl,What a weird way to spell chinese. Anyway have fun,11,29-10-2021 13:21,False,neutral,neutral,neutral,neutral
qibuvl,Ben Lin from original Chin.,3,29-10-2021 15:14,False,neutral,neutral,neutral,neutral
qibuvl,"It's nice that Taiwan got covid under control again, May - July seems like it would've been two months of strict isolation.",3,30-10-2021 00:17,False,positive,positive,neutral,positive
qibuvl,Please bring more of your engineers to this country.,3,30-10-2021 02:45,False,neutral,neutral,positive,neutral
qibuvl,"Taiwanese friend I had didn't like mainland folks.   Is that pretty common among Taiwanese?

Not liking as not in political sense.  Not sophisticated I suppose.",2,30-10-2021 07:56,False,neutral,neutral,neutral,neutral
qibuvl,And so it began,2,19-12-2021 11:34,False,neutral,neutral,neutral,neutral
qibuvl,The start of the long journey.... this was a long way to Hungary,2,25-12-2021 13:35,False,negative,neutral,neutral,neutral
qibuvl,So my girlfriend (taiwanese) says nepal is pronounced close to nee-bo-or in taiwan. How close is that?,2,29-10-2021 17:03,False,neutral,neutral,neutral,neutral
qibuvl,what is your opinion on this sub,2,29-10-2021 13:35,False,neutral,neutral,neutral,neutral
qibuvl,West Tawain disapproves of this message.,2,29-10-2021 13:59,False,negative,negative,positive,negative
qibuvl,Nothing happened in 1889.just a normal day in great china,2,29-10-2021 15:28,False,positive,neutral,neutral,neutral
qibuvl,Taiwannn Numba wannn!,1,29-10-2021 16:14,False,neutral,neutral,neutral,neutral
qibuvl,"Taiwan huh , isn't that in China ? /s",0,29-10-2021 16:58,False,neutral,neutral,neutral,neutral
qibuvl,You mean the Chinese Fucking Taipei.,-1,30-10-2021 06:07,False,negative,negative,negative,negative
qibuvl,You should say Chinese Taipei because people here don't know (or recognize) where Taiwan is.,-27,29-10-2021 12:56,False,neutral,neutral,neutral,neutral
qibuvl,Dafuq?,1,30-10-2021 03:36,False,negative,neutral,positive,negative
qibuvl,"Indians just move freely across our border. They bring drugs, they bring crime, they're .......

We are going to build a big beautiful wall on our southern border, and India is gonna pay for it.",76,29-10-2021 13:51,False,negative,negative,neutral,negative
qibuvl,"Come and think of it, the reason why I got the recommendation is probably because that I once posted a meme in r/Poland so the algorithm assumes I’m into subs related to countries",3,30-10-2021 10:49,True,neutral,neutral,neutral,neutral
qibuvl,Lol Guess you’ll see me in a labor cam- holup someone’s knocking on the door,62,29-10-2021 13:11,True,neutral,neutral,neutral,neutral
qibuvl,Yameroooooo!!!!,11,29-10-2021 14:12,True,neutral,neutral,positive,neutral
qibuvl,Nice copypasta!,3,29-10-2021 15:02,False,positive,neutral,positive,positive
qibuvl,"Even though I can’t read almost anything in here, I do love all the pictures of this beautiful country",47,29-10-2021 12:49,True,positive,positive,positive,positive
qibuvl,"Not really, Taiwan, Chinese Taipei, or ROC(Republic Of China), I’m cool with all of them!",5,29-10-2021 13:55,True,positive,positive,positive,positive
qibuvl,taiwan is an island wtf you talking bout,15,29-10-2021 13:13,False,neutral,negative,negative,negative
qibuvl,"Since most of you don't know, it was the now Taiwanese (or republic of China then) , that fled the mainland, to take refuge in Taiwan.  

If they would have won, they would still be called China, not Taiwan.(They soon gave up the name Republic of China, maybe cuz they were hold up in an island and was embarassing to call themselves China).",5,29-10-2021 13:35,False,neutral,neutral,negative,neutral
qibuvl,Wish I could give this two upvotes lmaoo,3,30-10-2021 10:40,False,neutral,neutral,positive,neutral
qibuvl,"Lemme guess, he’s about to lure me into that van with an ice cream isn’t he?",2,29-10-2021 14:53,True,neutral,neutral,negative,neutral
qibuvl,"Not all of us are like that, even if we do I guess we only hate da CCP or the government instead of the people there",1,30-10-2021 08:12,True,negative,negative,negative,negative
qibuvl,Pretty close actually,2,30-10-2021 03:10,True,positive,neutral,positive,positive
qibuvl,Kun kun desh ko vyayau?,2,30-10-2021 08:04,False,neutral,neutral,negative,neutral
qibuvl,The words are confusing for me yet the pictures really hooked me,9,29-10-2021 13:42,True,neutral,neutral,positive,neutral
qibuvl,"You guys suck and bow down to any foreigner. What is there to like about you guys?

Not that you guys are learned or knowledgeable, bar a very few.

You guys think very highly of yourself. To think some foreigner would visit this sub and be impressed with what most of you have to say?

 You guys should be embarrassed.",-20,29-10-2021 13:43,False,negative,negative,negative,negative
qibuvl,you mentioned a year and described a day,2,29-10-2021 18:42,False,neutral,neutral,neutral,neutral
qibuvl,Social Credit Simp spotted,17,29-10-2021 13:30,False,neutral,neutral,neutral,neutral
qibuvl,"i do not know if you are joking or not 

this is confusing",17,29-10-2021 15:22,False,neutral,negative,negative,negative
qibuvl,"Woah there buddy, calm down, its more like a mutual share where Nepal is at loss at more times, I'm Nepalese. 
Hope this was a satire lmao",2,30-10-2021 10:38,False,neutral,neutral,negative,neutral
qibuvl,Its me wong xina. Bing chhilling,45,29-10-2021 13:12,False,neutral,neutral,neutral,neutral
qibuvl,What a nice man. :),14,29-10-2021 14:22,False,positive,positive,positive,positive
qibuvl,"I remember a time when Taipei 101 was the tallest building in the whole world. A miracle of engineering. 

But then the arabs took on your idea and started pouring money in the sand to taunt you guys. ""We make tallest building now, Taiwan ! ""

I used to like HTC phones too. Extremely well built. But they shut it off too.

 You guys make great things over there. Shame that we can't deal with you. Nepal as a country believes in One China policy, so hope theres a peaceful resolution soon to what seems to be eternal conflict. 

Prayers.",9,29-10-2021 14:19,False,positive,neutral,negative,positive
qibuvl,Cool.,1,29-10-2021 14:01,False,positive,positive,positive,positive
qibuvl,we border india and western taiwan,30,29-10-2021 13:14,False,neutral,neutral,neutral,neutral
qibuvl,"gorini, (east) asian, ani latina. Aba black, serb ra pacific islander to go.",1,30-10-2021 14:20,False,neutral,neutral,negative,neutral
qibuvl,you should join r/nepaligonewild . you will like the pictures in that even more lol,3,29-10-2021 18:41,False,neutral,neutral,positive,neutral
qibuvl,"i did not expect to be attacked , but you have a point to be made, happens when when your country is an insignificant place and when some one notices it , you kinda feel nice , not being aggressive",8,29-10-2021 14:07,False,negative,negative,neutral,negative
qibuvl,many nepali people just are like that,-1,29-10-2021 13:32,False,positive,neutral,neutral,neutral
qibuvl,"America #1 and we love commies, and we don't wipe them off the face of the earth. Being a commie give +1000 social credit and free healthcare in America, not napalm and chemical bomb.",-2,29-10-2021 13:37,False,negative,negative,positive,negative
qibuvl,"Sarcasm 101: If you can't sometimes throw sarcasm, confuse them.",24,29-10-2021 15:52,False,neutral,negative,positive,neutral
qibuvl,INDIA is the new CHIINA,8,30-10-2021 02:21,False,neutral,neutral,neutral,neutral
qibuvl,"But for real, r/Nepal \> r/India",3,30-10-2021 15:49,False,neutral,neutral,neutral,neutral
qibuvl,Sarcasm,1,30-10-2021 12:50,False,neutral,neutral,neutral,neutral
qibuvl,Oh shi-,24,29-10-2021 13:17,True,negative,neutral,neutral,neutral
qibuvl,Aw thanks you too buddy ;),14,29-10-2021 14:50,True,positive,positive,positive,positive
qibuvl,"Thank you ma’am, and is it normal that I’m about to cry because of joy after reading this?",6,29-10-2021 14:50,True,positive,positive,positive,positive
qibuvl,"You, a Nepalese: Laughs in Himalayas
Me, a Taiwanese: Laughs in Taiwan strait",25,29-10-2021 13:16,True,neutral,neutral,neutral,neutral
qibuvl,It’s south china for you degenerate,-1,29-10-2021 18:39,False,negative,negative,negative,negative
qibuvl,Bhai bingo kheloko?,3,30-10-2021 15:18,False,neutral,neutral,negative,neutral
qibuvl,"Thank you sir for your recommendation, very useful if you know what I mean",1,30-10-2021 01:18,True,positive,positive,positive,positive
qibuvl,"""I a foreigner , know Nepal. ""

Straight to the top , with your inferiority complex. I find it embarrassing to witness personally. I have a dream that one 
 day, when a foreigner comes and you won't even notice, but  see him as equal man, not above you, not less.

Luckily he's not an Indian , or you would've taunted him with godi, bhakt and what not. 

Shame on all of you. Shame.",-9,29-10-2021 14:16,False,negative,negative,negative,negative
qibuvl,No. Most are American apologists. Aren't they?,2,30-10-2021 01:34,False,neutral,negative,neutral,neutral
qibuvl,trying to read this comment gave a goddamn seizure,14,29-10-2021 16:15,False,negative,negative,negative,negative
qibuvl,"Sir , I'm sorry to break it off to you, but you're talking to another man, not ma'm. 

I wish to be alive to see the miracles of Taiwan in person someday. I can't help but admire and respect what you have achieved as a society and people from afar. I read about Taiwan and hope there's a peace for the sake of the people, the great people , that have achieved so much. 

Have a good night, sir. The bright stars shine over Taiwan, always.",11,29-10-2021 14:59,False,positive,positive,positive,positive
qibuvl,Variety pack try garnuparyo ni ta life maa,1,30-10-2021 21:58,False,neutral,neutral,positive,neutral
qibuvl,You seem to be quite educated on matters of inferiority complexes. Experience perhaps?,2,29-10-2021 17:18,False,neutral,neutral,negative,neutral
qibuvl,Maybe redditors are but not your average Nepali,1,30-10-2021 04:46,False,neutral,neutral,neutral,neutral
qibuvl,Oh how it pains when an internet stranger misgenders you,6,29-10-2021 15:06,False,negative,negative,negative,negative
qibuvl,"Ok that was awkward, but anyway hope you have a good night as well sir!",3,29-10-2021 15:54,True,positive,positive,neutral,positive
qibuvl,"Majority are not involved in tourism, but the other way round. Employment tourism? I don't know how to put it. 

Look at this post or anything. Some foreigner should just say, I know Nepal, and we stop just short, of , you know,",0,30-10-2021 05:46,False,neutral,neutral,neutral,neutral
qibuvl,"Age perhaps. You are only as wise for a teenager and I'm only as wise for a man in my 20s. Experience? You may call it that too.

You still have time to grow up and be a better man. What path you go, the choice rests on you.",-1,30-10-2021 00:49,False,neutral,neutral,positive,neutral
