post_id,comment,upvotes,time,is_submitter,model1,model2,model3,majority_votes
t114jd,"Yeti sure vayara ta maila afno phone number ni vanna sakdina, lol",142,25-02-2022 12:01,False,neutral,neutral,neutral,neutral
t114jd,His Nepali is good,91,25-02-2022 11:13,False,positive,positive,positive,positive
t114jd,Finally a protestor who knows his stuff about MCC and can present his views well.. This is good stuff.. if only other anti MCC supporters were like this..,142,25-02-2022 11:09,False,positive,neutral,neutral,neutral
t114jd,"*Section 1.1 Compact Goal. The goal of this Compact is to reduce poverty through economic growth in Nepal (the â€œCompact Goalâ€). MCCâ€™s assistance will be provided in a manner that strengthens good governance, economic freedom, and investments in the people of Nepal.*

Cherry picking one word from entire section, taking it out of context.

Section 2.8 (a): No tax on the funding.

Section 2.8 (b): Tax exempt must follow applicable law of Nepal.

Section 2.8 (c): If tax have been paid, GoN will refund it.

We can not just take Section 3.2 (f) on it's own. On it's entirety, Section 3.2 says any innovation and or invention made using this fund MCC can use it anywhere in the world with out fees or royalties, it doesn't say anything about all Nepali intellectual properties automatically belongs to the US. Besides, what intellectual properties do we have that other countries want. Name one.

Section 3.8 (a): GoN must submit audit at least once every six months. MCC can request additional audits from local auditors listed (and agreed upon previously) or US based auditors  selected in accordance of MCC's guideline.

Section 3.8 (b): If an US based non-profit/ for-profit organization is involved US government will use US agencies to do audit on those organizations.

Section 3.8 (c): Based on audits mentioned above, GoN has to take corrective action.

Section 3.8 (d): MCC has right to ask for audit on use of MCC funds.

Section 3.8 (e): MCC fund may be used to fund the audits.

Section 6.1: The US government or anyone related to MCC (not each and every American in the world) can not be sued in ***Nepal*** for any death or injuries caused during, because they will not be the ones constructing the project. Having said that, they are not extended the same immunity if it doesn't involve MCC related activates eg, they can not ask for immunity if they go around shooting people in the street. However, the immunity doesn't extend to any contractors, sub-contractors etc. involved in construction of the projects even if they are Americans.

Section 7.1: *AFTER* the agreement goes into force, in case of conflict, the terms in the compact supersedes those of Nepali law at that point. (However, this is only after the compact have been signed.)

Section 7.2: *BEFORE* the agreement is signed, GoN must insure that the terms in the compact doesn't conflict with current law and constitution of Nepal.

Regarding the annexes he mentioned, Nepal has already chosen two projects, one is the cross border transmission line between Nepal and India (on Nepal's side only), and the other one is to upgrade the East-West National highway. In the agreement, it has stated that we need agreement in place with India for cross border transmission line project. (Without the agreement what will we do? Build a high voltage transmission line and just throw a wire over the border?)

&#x200B;

Someone claims that he is a student of law. Thankfully he is not MY lawyer.",107,25-02-2022 14:52,False,neutral,,positive,neutral
t114jd,"legends say, Bijaya Shahi learnt how to memorize from this brother.",59,25-02-2022 11:58,False,neutral,neutral,neutral,neutral
t114jd,"Wow, this dude puts most of us in shame. Bharkhar balla 12 ma paddai re, and he has managed to do such thorough research, hats off buddy!!",62,25-02-2022 11:48,False,negative,negative,neutral,negative
t114jd,"Most of the things he says are not correct. I will try my best to point out the things. I am not a lawyer and this is my understanding of the MCC Compact. And yes some of the wording should be changed.

`Article 1.1:`

`This does not mean MCC (or US) is making investment in Nepal. The line reads as the funds from MCC should be used to increase / strengthen governance economic freedom and investments IN the people of Nepal. This is to increase what the government of Nepal is already putting in for the betterment of country and not some direct investment by the US.`

&#x200B;

Article 2.8: Tax implications (this one is too long to post here)

This article states that the MCC Funding will be tax free and all taxes like VAT, sales tax, excise duty, property transfer etc are not applicable. This is similar to the tax exemption that are given to private entities so that they will start operations in a certain locality which increases the employment, cash flow and over all quality of life of residents. This is done by states of many developed countries who want private business to start operations in the state for development of the state. Nepal has never done this to help develop any private company so this is something new for us and looks wrong.

&#x200B;

`Article 3.2(f): The Government grants to MCC a perpetual, irrevocable, royalty-free, worldwide,fully paid, assignable right and license to practice or have practiced on its behalf (including theright to produce, reproduce, publish, repurpose, use, store, modify, or make available) anyportion or portions of Intellectual Property as MCC sees fit in any medium, now known orhereafter developed, for any purpose whatsoever.`

&#x200B;

This does not say that Government of Nepal will not own the Intellectual Property rights of the tools or techniques developed by using MCC Funding as the video suggests. It says Government of Nepal will provide royalty-free license to MCC to be used as MCC sees fit. It will not prevent Nepal from licensing the tools and techniques of the intellectual property to other nations or organizations for some royalty.

&#x200B;

`Article 3.8: Audits, Reviews (posting only a snippet): theGovernment will, on at least a semi-annual basis, conduct, or cause to be conducted, financialaudits of all disbursements of MCC Funding`

&#x200B;

This clearly mentions Government will conduct or cause to conduct audits of MCC Funding on semi annual basis. The point however mentions that the auditor will have to be recognized by Inspector General or a United States based certified public accounting firm. This is to insure that the auditors are not involved in misuse of funding. No where does it say that only United States can do the audit.

&#x200B;

Article 5 (sub section 2,  3, 4 and 5): Again too long to post here.  It says either Government of Nepal or MCC can terminate the Compact with a 30 day notice to the other party without any penalty. As for the refund as mentioned in the video. Government will have to refund the MCC Funding along with interest if and only if the funds have been found out to be misused. This means if any form of corruption or bribery regarding the fund is found out then and only then will Nepal be liable to pay back the funds, profit and interest on them.

&#x200B;

Article 6.8: This states that MCC or the US is not liable for any loss, injuries, death etc that happen under the MCC Funding usage. Even when you are admitted to a hospital you have to sign a form that says something to the effect of ""the hospital is not liable of any injuries / death / mishap caused during the treatment of the patient"". By his logic we should go against the hospital as well.

&#x200B;

Article 7.1: Agreed with him on this point. This should be changed and MCC should not be above the domestic law. But also keep in mind that domestic law of the Government of Nepal are not applicable within the boundaries of the embassies of other country in Nepali Soil.

Annex 1 and 5. The guy from the video has issues with mention of Government of India in these two places. Government of India is mentioned as there are plans to build transmission line from Butwal (Nepal) to Gorakhpur (India). Since the construction of the lines are going to touch the Indian territory it is my belief that the Government of India should also provide approval for the project.

&#x200B;

Links to the MCC Compact Agreement

[English Version](https://assets.mcc.gov/content/uploads/compact-nepal.pdf)

[Nepali Version](https://theujyaalonepal.com/wp-content/uploads/2020/01/Mcc-Agreement.pdf)

&#x200B;

Edit: Formatting",64,25-02-2022 13:52,False,neutral,,positive,neutral
t114jd,Yo tw bhaktapur ko khwopa college ko law student bhai ho,21,25-02-2022 11:40,False,neutral,neutral,negative,neutral
t114jd,"The general theme of my reply here still applies: [https://www.reddit.com/r/Nepal/comments/stwcil/comment/hx6m3w4/?utm\_source=share&utm\_medium=web2x&context=3](https://www.reddit.com/r/Nepal/comments/stwcil/comment/hx6m3w4/?utm_source=share&utm_medium=web2x&context=3)

In short, MCC is not a compact that reads like an agreement between equal partners. It's an agreement between a rich donor and an alcoholic father. The rich donor is saying, ""Okay, I will give you money to put your kids in school, but I will need accounting for every penny you spend, and you have to spend everything on things related to the kid's education and things I approve of. And of course, if I find out you have spent any money in other frivolous shits, I will make sure to get that money back; with interest."" Sure, it's not an agreement that makes you feel good when you read it. It clearly mentions who the boss is. But, as an education-deprived kid of a poor alcoholic father, it is still in your best interest to swallow the pride and take the money.",12,25-02-2022 16:35,False,neutral,negative,positive,neutral
t114jd,"à¤‰à¤¨à¤²à¥‡ à¤­à¤¨à¥‡à¤•à¤¾ à¤…à¤§à¤¿à¤•à¤¾à¤‚à¤¶ à¤•à¥à¤°à¤¾ à¤¸à¤¹à¥€ à¤›à¥ˆà¤¨à¤¨à¥ à¥¤ à¤® à¤šà¥€à¤œà¤¹à¤°à¥‚ à¤”à¤‚à¤²à¥à¤¯à¤¾à¤‰à¤¨ à¤¸à¤•à¥à¤¦à¥‹ à¤ªà¥à¤°à¤¯à¤¾à¤¸ à¤—à¤°à¥à¤¨à¥‡à¤›à¥à¥¤ à¤® à¤µà¤•à¤¿à¤² à¤¹à¥‹à¤‡à¤¨ à¤° à¤¯à¥‹ MCC à¤•à¤®à¥à¤ªà¥à¤¯à¤¾à¤•à¥à¤Ÿà¤•à¥‹ à¤®à¥‡à¤°à¥‹ à¤¬à¥à¤à¤¾à¤‡ à¤¹à¥‹à¥¤ à¤° à¤¹à¥‹, à¤•à¥‡à¤¹à¤¿ à¤¶à¤¬à¥à¤¦à¤¹à¤°à¥‚ à¤ªà¤°à¤¿à¤µà¤°à¥à¤¤à¤¨ à¤—à¤°à¥à¤¨à¥à¤ªà¤°à¥à¤›à¥¤

à¤§à¤¾à¤°à¤¾ à¥§.à¥§:

à¤¯à¤¸à¤•à¥‹ à¤®à¤¤à¤²à¤¬ MCC (à¤µà¤¾ US) à¤²à¥‡ à¤¨à¥‡à¤ªà¤¾à¤²à¤®à¤¾ à¤²à¤—à¤¾à¤¨à¥€ à¤—à¤°à¤¿à¤°à¤¹à¥‡à¤•à¥‹ à¤¹à¥‹à¤‡à¤¨à¥¤ MCC à¤¬à¤¾à¤Ÿ à¤ªà¥à¤°à¤¾à¤ªà¥à¤¤ à¤°à¤•à¤® à¤¸à¥à¤¶à¤¾à¤¸à¤¨à¤•à¥‹ à¤†à¤°à¥à¤¥à¤¿à¤• à¤¸à¥à¤µà¤¤à¤¨à¥à¤¤à¥à¤°à¤¤à¤¾ à¤° à¤¨à¥‡à¤ªà¤¾à¤²à¥€ à¤œà¤¨à¤¤à¤¾à¤®à¤¾ à¤²à¤—à¤¾à¤¨à¥€ à¤¬à¤¢à¤¾à¤‰à¤¨ / à¤¸à¥à¤¦à¥ƒà¤¢ à¤—à¤°à¥à¤¨ à¤ªà¥à¤°à¤¯à¥‹à¤— à¤—à¤°à¤¿à¤¨à¥à¤ªà¤°à¥à¤› à¤­à¤¨à¥à¤¨à¥‡ à¤²à¤¾à¤‡à¤¨à¤®à¤¾ à¤²à¥‡à¤–à¤¿à¤à¤•à¥‹ à¤›à¥¤ à¤¯à¥‹ à¤¨à¥‡à¤ªà¤¾à¤² à¤¸à¤°à¤•à¤¾à¤°à¤²à¥‡ à¤¦à¥‡à¤¶à¤•à¥‹ à¤‰à¤¨à¥à¤¨à¤¤à¤¿à¤•à¥‹ à¤²à¤¾à¤—à¤¿ à¤ªà¤¹à¤¿à¤²à¥‡ à¤¨à¥ˆ à¤°à¤¾à¤–à¥‡à¤•à¥‹ à¤•à¥à¤°à¤¾à¤²à¤¾à¤ˆ à¤¬à¤¢à¤¾à¤‰à¤¨à¤•à¥‹ à¤²à¤¾à¤—à¤¿ à¤¹à¥‹, à¤…à¤®à¥‡à¤°à¤¿à¤•à¤¾à¤•à¥‹ à¤ªà¥à¤°à¤¤à¥à¤¯à¤•à¥à¤· à¤²à¤—à¤¾à¤¨à¥€ à¤¹à¥‹à¤‡à¤¨à¥¤

à¤²à¥‡à¤– 2.8: à¤•à¤° à¤ªà¥à¤°à¤­à¤¾à¤µà¤¹à¤°à¥‚ (à¤¯à¥‹ à¤¯à¤¹à¤¾à¤ à¤ªà¥‹à¤¸à¥à¤Ÿ à¤—à¤°à¥à¤¨ à¤§à¥‡à¤°à¥ˆ à¤²à¤¾à¤®à¥‹ à¤›)

à¤¯à¤¸ à¤²à¥‡à¤–à¤®à¤¾ à¤à¤®à¤¸à¥€à¤¸à¥€ à¤•à¥‹à¤· à¤•à¤°à¤®à¥à¤•à¥à¤¤ à¤¹à¥à¤¨à¥‡à¤› à¤° à¤­à¥à¤¯à¤¾à¤Ÿ, à¤¬à¤¿à¤•à¥à¤°à¥€ à¤•à¤°, à¤…à¤¨à¥à¤¤à¤ƒà¤¶à¥à¤²à¥à¤•, à¤¸à¤®à¥à¤ªà¤¤à¥à¤¤à¤¿ à¤¹à¤¸à¥à¤¤à¤¾à¤¨à¥à¤¤à¤°à¤£ à¤†à¤¦à¤¿ à¤œà¤¸à¥à¤¤à¤¾ à¤¸à¤¬à¥ˆ à¤•à¤°à¤¹à¤°à¥‚ à¤²à¤¾à¤—à¥‚ à¤¹à¥à¤¨à¥‡ à¤›à¥ˆà¤¨à¤¨à¥ à¤­à¤¨à¥€ à¤‰à¤²à¥à¤²à¥‡à¤– à¤—à¤°à¤¿à¤à¤•à¥‹ à¤›à¥¤ à¤¯à¥‹ à¤•à¤° à¤›à¥à¤Ÿ à¤œà¤¸à¥à¤¤à¥ˆ à¤¹à¥‹ à¤œà¥à¤¨ à¤¨à¤¿à¤œà¥€ à¤¸à¤‚à¤¸à¥à¤¥à¤¾à¤¹à¤°à¥‚à¤²à¤¾à¤ˆ à¤¦à¤¿à¤‡à¤¨à¥à¤› à¤¤à¤¾à¤•à¤¿ à¤¤à¤¿à¤¨à¥€à¤¹à¤°à¥‚à¤²à¥‡ à¤à¤• à¤¨à¤¿à¤¶à¥à¤šà¤¿à¤¤ à¤¸à¥à¤¥à¤¾à¤¨à¤®à¤¾ à¤¸à¤žà¥à¤šà¤¾à¤²à¤¨ à¤¸à¥à¤°à¥ à¤—à¤°à¥à¤¨à¥‡à¤›à¤¨à¥ à¤œà¤¸à¤²à¥‡ à¤°à¥‹à¤œà¤—à¤¾à¤°à¥€, à¤¨à¤—à¤¦ à¤ªà¥à¤°à¤µà¤¾à¤¹ à¤° à¤¬à¤¾à¤¸à¤¿à¤¨à¥à¤¦à¤¾à¤¹à¤°à¥‚à¤•à¥‹ à¤œà¥€à¤µà¤¨à¤•à¥‹ à¤—à¥à¤£à¤¸à¥à¤¤à¤°à¤®à¤¾ à¤µà¥ƒà¤¦à¥à¤§à¤¿ à¤—à¤°à¥à¤¦à¤›à¥¤ à¤¯à¥‹ à¤§à¥‡à¤°à¥ˆ à¤µà¤¿à¤•à¤¸à¤¿à¤¤ à¤¦à¥‡à¤¶à¤¹à¤°à¥‚à¤•à¤¾ à¤°à¤¾à¤œà¥à¤¯à¤¹à¤°à¥‚ à¤¦à¥à¤µà¤¾à¤°à¤¾ à¤—à¤°à¤¿à¤¨à¥à¤› à¤œà¥‹ à¤°à¤¾à¤œà¥à¤¯à¤•à¥‹ à¤µà¤¿à¤•à¤¾à¤¸à¤•à¥‹ à¤²à¤¾à¤—à¤¿ à¤¨à¤¿à¤œà¥€ à¤µà¥à¤¯à¤µà¤¸à¤¾à¤¯à¤¹à¤°à¥‚ à¤°à¤¾à¤œà¥à¤¯à¤®à¤¾ à¤¸à¤žà¥à¤šà¤¾à¤²à¤¨ à¤—à¤°à¥à¤¨ à¤šà¤¾à¤¹à¤¨à¥à¤›à¤¨à¥à¥¤ à¤¨à¥‡à¤ªà¤¾à¤²à¤²à¥‡ à¤•à¥à¤¨à¥ˆ à¤ªà¤¨à¤¿ à¤¨à¤¿à¤œà¥€ à¤•à¤®à¥à¤ªà¤¨à¥€à¤²à¤¾à¤ˆ à¤µà¤¿à¤•à¤¾à¤¸ à¤—à¤°à¥à¤¨ à¤®à¤¦à¥à¤¦à¤¤ à¤—à¤°à¥à¤¨ à¤•à¤¹à¤¿à¤²à¥à¤¯à¥ˆ à¤—à¤°à¥‡à¤•à¥‹ à¤›à¥ˆà¤¨ à¤¤à¥à¤¯à¤¸à¥ˆà¤²à¥‡ à¤¯à¥‹ à¤¹à¤¾à¤®à¥à¤°à¥‹ à¤²à¤¾à¤—à¤¿ à¤¨à¤¯à¤¾à¤ à¤•à¥à¤°à¤¾ à¤¹à¥‹ à¤° à¤—à¤²à¤¤ à¤¦à¥‡à¤–à¤¿à¤¨à¥à¤›à¥¤

à¤§à¤¾à¤°à¤¾ à¥©.à¥¨(f): à¤¸à¤°à¤•à¤¾à¤°à¤²à¥‡ MCC à¤²à¤¾à¤ˆ à¤¦à¤¿à¤—à¥‹, à¤…à¤ªà¤°à¤¿à¤µà¤°à¥à¤¤à¤¨à¥€à¤¯, à¤°à¥‹à¤¯à¤²à¥à¤Ÿà¥€-à¤°à¤¹à¤¿à¤¤, à¤µà¤¿à¤¶à¥à¤µà¤µà¥à¤¯à¤¾à¤ªà¥€, à¤ªà¥‚à¤°à¥à¤£ à¤­à¥à¤•à¥à¤¤à¤¾à¤¨ à¤—à¤°à¤¿à¤à¤•à¥‹, à¤¤à¥‹à¤•à¤¿à¤à¤•à¥‹ à¤…à¤§à¤¿à¤•à¤¾à¤° à¤° à¤…à¤­à¥à¤¯à¤¾à¤¸ à¤—à¤°à¥à¤¨ à¤µà¤¾ à¤…à¤­à¥à¤¯à¤¾à¤¸ à¤—à¤°à¥à¤¨à¥‡ à¤‡à¤œà¤¾à¤œà¤¤à¤ªà¤¤à¥à¤° à¤ªà¥à¤°à¤¦à¤¾à¤¨ à¤—à¤°à¥à¤¦à¤› (à¤‰à¤¤à¥à¤ªà¤¾à¤¦à¤¨, à¤ªà¥à¤¨: à¤‰à¤¤à¥à¤ªà¤¾à¤¦à¤¨, à¤ªà¥à¤°à¤•à¤¾à¤¶à¤¨, à¤ªà¥à¤¨: à¤ªà¥à¤°à¤¯à¥‹à¤—, à¤ªà¥à¤°à¤¯à¥‹à¤— à¤—à¤°à¥à¤¨à¥‡ à¤…à¤§à¤¿à¤•à¤¾à¤° à¤¸à¤¹à¤¿à¤¤à¥¤ , à¤­à¤£à¥à¤¡à¤¾à¤°à¤£, à¤ªà¤°à¤¿à¤®à¤¾à¤°à¥à¤œà¤¨, à¤µà¤¾ à¤‰à¤ªà¤²à¤¬à¥à¤§ à¤—à¤°à¤¾à¤‰à¤¨à¥‡) à¤¬à¥Œà¤¦à¥à¤§à¤¿à¤• à¤¸à¤®à¥à¤ªà¤¦à¤¾à¤•à¥‹ à¤•à¥à¤¨à¥ˆ à¤ªà¤¨à¤¿ à¤…à¤‚à¤¶ à¤µà¤¾ à¤…à¤‚à¤¶à¤¹à¤°à¥‚ MCC à¤²à¥‡ à¤•à¥à¤¨à¥ˆ à¤ªà¤¨à¤¿ à¤®à¤¾à¤§à¥à¤¯à¤®à¤®à¤¾ à¤‰à¤ªà¤¯à¥à¤•à¥à¤¤ à¤¦à¥‡à¤–à¥‡à¤•à¥‹ à¤›, à¤œà¥à¤¨ à¤…à¤¹à¤¿à¤²à¥‡ à¤œà¥à¤žà¤¾à¤¤ à¤µà¤¾ à¤ªà¤›à¤¿ à¤µà¤¿à¤•à¤¸à¤¿à¤¤, à¤œà¥à¤¨à¤¸à¥à¤•à¥ˆ à¤‰à¤¦à¥à¤¦à¥‡à¤¶à¥à¤¯à¤•à¤¾ à¤²à¤¾à¤—à¤¿à¥¤

à¤¯à¤¸à¤²à¥‡ MCC à¤•à¥‹à¤· à¤ªà¥à¤°à¤¯à¥‹à¤— à¤—à¤°à¥‡à¤° à¤µà¤¿à¤•à¤¾à¤¸ à¤—à¤°à¤¿à¤à¤•à¤¾ à¤”à¤œà¤¾à¤° à¤µà¤¾ à¤ªà¥à¤°à¤µà¤¿à¤§à¤¿à¤¹à¤°à¥‚à¤•à¥‹ à¤¬à¥Œà¤¦à¥à¤§à¤¿à¤• à¤¸à¤®à¥à¤ªà¤¦à¤¾ à¤…à¤§à¤¿à¤•à¤¾à¤° à¤¨à¥‡à¤ªà¤¾à¤² à¤¸à¤°à¤•à¤¾à¤°à¤¸à¤à¤— à¤¹à¥à¤¨à¥‡à¤›à¥ˆà¤¨ à¤­à¤¨à¥€ à¤­à¤¿à¤¡à¤¿à¤¯à¥‹à¤²à¥‡ à¤¸à¥à¤à¤¾à¤µ à¤¦à¤¿à¤à¤…à¤¨à¥à¤¸à¤¾à¤° à¤¹à¥‹à¤‡à¤¨à¥¤ à¤à¤®à¤¸à¥€à¤¸à¥€ à¤‰à¤ªà¤¯à¥à¤•à¥à¤¤ à¤¦à¥‡à¤–à¤¿à¤à¤®à¤¾ à¤à¤®à¤¸à¥€à¤¸à¥€à¤²à¤¾à¤ˆ à¤ªà¥à¤°à¤¯à¥‹à¤— à¤—à¤°à¥à¤¨ à¤¨à¥‡à¤ªà¤¾à¤² à¤¸à¤°à¤•à¤¾à¤°à¤²à¥‡ à¤°à¥‹à¤¯à¤²à¥à¤Ÿà¥€ à¤°à¤¹à¤¿à¤¤ à¤²à¤¾à¤‡à¤¸à¥‡à¤¨à¥à¤¸ à¤‰à¤ªà¤²à¤¬à¥à¤§ à¤—à¤°à¤¾à¤‰à¤¨à¥‡ à¤‰à¤²à¥à¤²à¥‡à¤– à¤› à¥¤ à¤¯à¤¸à¤²à¥‡ à¤¨à¥‡à¤ªà¤¾à¤²à¤²à¤¾à¤ˆ à¤¬à¥Œà¤¦à¥à¤§à¤¿à¤• à¤¸à¤®à¥à¤ªà¤¦à¤¾à¤•à¤¾ à¤”à¤œà¤¾à¤° à¤° à¤ªà¥à¤°à¤µà¤¿à¤§à¤¿à¤¹à¤°à¥‚ à¤…à¤¨à¥à¤¯ à¤°à¤¾à¤·à¥à¤Ÿà¥à¤° à¤µà¤¾ à¤¸à¤‚à¤¸à¥à¤¥à¤¾à¤¹à¤°à¥‚à¤²à¤¾à¤ˆ à¤•à¥‡à¤¹à¥€ à¤°à¥‹à¤¯à¤²à¥à¤Ÿà¥€à¤•à¤¾ à¤²à¤¾à¤—à¤¿ à¤‡à¤œà¤¾à¤œà¤¤à¤ªà¤¤à¥à¤° à¤¦à¤¿à¤¨à¤¬à¤¾à¤Ÿ à¤°à¥‹à¤•à¥à¤¨à¥‡ à¤›à¥ˆà¤¨à¥¤

à¤§à¤¾à¤°à¤¾ à¥©.à¥®: à¤²à¥‡à¤–à¤¾à¤ªà¤°à¥€à¤•à¥à¤·à¤£, à¤¸à¤®à¥€à¤•à¥à¤·à¤¾ (à¤à¤• à¤à¤²à¤• à¤®à¤¾à¤¤à¥à¤° à¤ªà¥‹à¤¸à¥à¤Ÿ à¤—à¤°à¥à¤¦à¥ˆ): à¤¸à¤°à¤•à¤¾à¤°à¤²à¥‡ à¤•à¤®à¥à¤¤à¤¿à¤®à¤¾ à¤…à¤°à¥à¤§à¤µà¤¾à¤°à¥à¤·à¤¿à¤• à¤†à¤§à¤¾à¤°à¤®à¤¾ MCC à¤•à¥‹à¤·à¤•à¥‹ à¤¸à¤¬à¥ˆ à¤µà¤¿à¤¤à¤°à¤£à¤•à¥‹ à¤µà¤¿à¤¤à¥à¤¤à¥€à¤¯ à¤²à¥‡à¤–à¤¾à¤ªà¤°à¥€à¤•à¥à¤·à¤£ à¤—à¤°à¥à¤¨à¥‡ à¤µà¤¾ à¤—à¤°à¤¾à¤‰à¤¨à¥‡à¤›à¥¤

à¤¯à¤¸à¤®à¤¾ à¤¸à¤°à¤•à¤¾à¤°à¤²à¥‡ à¤à¤®à¤¸à¥€à¤¸à¥€ à¤•à¥‹à¤·à¤•à¥‹ à¤…à¤°à¥à¤§à¤µà¤¾à¤°à¥à¤·à¤¿à¤• à¤†à¤§à¤¾à¤°à¤®à¤¾ à¤²à¥‡à¤–à¤¾à¤ªà¤°à¥€à¤•à¥à¤·à¤£ à¤—à¤°à¥à¤¨à¥‡ à¤µà¤¾ à¤—à¤°à¤¾à¤‰à¤¨à¥‡ à¤¸à¥à¤ªà¤·à¥à¤Ÿ à¤‰à¤²à¥à¤²à¥‡à¤– à¤›à¥¤ à¤¤à¤° à¤¬à¤¿à¤¨à¥à¤¦à¥à¤²à¥‡ à¤²à¥‡à¤–à¤¾ à¤ªà¤°à¥€à¤•à¥à¤·à¤•à¤²à¤¾à¤ˆ à¤®à¤¹à¤¾à¤¨à¤¿à¤°à¥€à¤•à¥à¤·à¤• à¤µà¤¾ à¤¸à¤‚à¤¯à¥à¤•à¥à¤¤ à¤°à¤¾à¤œà¥à¤¯ à¤…à¤®à¥‡à¤°à¤¿à¤•à¤¾ à¤¸à¥à¤¥à¤¿à¤¤ à¤ªà¥à¤°à¤®à¤¾à¤£à¤¿à¤¤ à¤¸à¤¾à¤°à¥à¤µà¤œà¤¨à¤¿à¤• à¤²à¥‡à¤–à¤¾ à¤«à¤°à¥à¤® à¤¦à¥à¤µà¤¾à¤°à¤¾ à¤®à¤¾à¤¨à¥à¤¯à¤¤à¤¾ à¤¦à¤¿à¤¨à¥à¤ªà¤°à¥à¤¨à¥‡ à¤‰à¤²à¥à¤²à¥‡à¤– à¤›à¥¤ à¤¯à¥‹ à¤¸à¥à¤¨à¤¿à¤¶à¥à¤šà¤¿à¤¤ à¤—à¤°à¥à¤¨ à¤•à¥‹ à¤²à¤¾à¤—à¥€ à¤¹à¥‹ à¤•à¤¿ à¤²à¥‡à¤–à¤¾ à¤ªà¤°à¥€à¤•à¥à¤·à¤•à¤¹à¤°à¥ à¤•à¥‹à¤· à¤•à¥‹ à¤¦à¥à¤°à¥à¤ªà¤¯à¥‹à¤— à¤®à¤¾ à¤¸à¤‚à¤²à¤—à¥à¤¨ à¤›à¥ˆà¤¨à¥¤ à¤…à¤®à¥‡à¤°à¤¿à¤•à¤¾à¤²à¥‡ à¤®à¤¾à¤¤à¥à¤° à¤²à¥‡à¤–à¤¾à¤ªà¤°à¥€à¤•à¥à¤·à¤£ à¤—à¤°à¥à¤¨ à¤¸à¤•à¥à¤› à¤­à¤¨à¥€ à¤•à¤¤à¥ˆ à¤›à¥ˆà¤¨à¥¤

à¤²à¥‡à¤– à¥« (à¤‰à¤ªà¤–à¤£à¥à¤¡ à¥¨, à¥©, à¥ª à¤° à¥«): à¤«à¥‡à¤°à¤¿ à¤¯à¤¹à¤¾à¤ à¤ªà¥‹à¤¸à¥à¤Ÿ à¤—à¤°à¥à¤¨ à¤§à¥‡à¤°à¥ˆ à¤²à¤¾à¤®à¥‹ à¤›à¥¤ à¤¯à¤¸à¤®à¤¾ à¤¨à¥‡à¤ªà¤¾à¤² à¤¸à¤°à¤•à¤¾à¤° à¤µà¤¾ à¤à¤®à¤¸à¥€à¤¸à¥€à¤²à¥‡ à¤•à¥à¤¨à¥ˆ à¤œà¤°à¤¿à¤µà¤¾à¤¨à¤¾ à¤¬à¤¿à¤¨à¤¾ à¤…à¤°à¥à¤•à¥‹ à¤ªà¤•à¥à¤·à¤²à¤¾à¤ˆ à¥©à¥¦ à¤¦à¤¿à¤¨à¤•à¥‹ à¤¸à¥‚à¤šà¤¨à¤¾ à¤¦à¤¿à¤à¤° à¤¸à¤®à¥à¤à¥Œà¤¤à¤¾ à¤–à¤¾à¤°à¥‡à¤œ à¤—à¤°à¥à¤¨ à¤¸à¤•à¥à¤¨à¥‡ à¤¬à¤¤à¤¾à¤‰à¤à¤›à¥¤ à¤­à¤¿à¤¡à¤¿à¤¯à¥‹à¤®à¤¾ à¤‰à¤²à¥à¤²à¥‡à¤– à¤—à¤°à¤¿à¤ à¤…à¤¨à¥à¤¸à¤¾à¤° à¤«à¤¿à¤°à¥à¤¤à¤¾à¤•à¥‹ à¤²à¤¾à¤—à¤¿à¥¤ à¤à¤®à¤¸à¥€à¤¸à¥€ à¤•à¥‹à¤·à¤•à¥‹ à¤¦à¥à¤°à¥à¤ªà¤¯à¥‹à¤— à¤­à¤à¤•à¥‹ à¤ªà¤¾à¤‡à¤à¤®à¤¾ à¤®à¤¾à¤¤à¥à¤° à¤¸à¤°à¤•à¤¾à¤°à¤²à¥‡ à¤¬à¥à¤¯à¤¾à¤œà¤¸à¤¹à¤¿à¤¤ à¤«à¤¿à¤°à¥à¤¤à¤¾ à¤—à¤°à¥à¤¨à¥à¤ªà¤°à¥à¤¨à¥‡à¤› à¥¤ à¤¯à¤¸à¤•à¥‹ à¤…à¤°à¥à¤¥ à¤•à¥‹à¤·à¤®à¤¾ à¤•à¥à¤¨à¥ˆ à¤•à¤¿à¤¸à¤¿à¤®à¤•à¥‹ à¤­à¥à¤°à¤·à¥à¤Ÿà¤¾à¤šà¤¾à¤° à¤µà¤¾ à¤˜à¥‚à¤¸à¤–à¥‹à¤°à¥€ à¤­à¤à¤•à¥‹ à¤ªà¤¾à¤‡à¤à¤®à¤¾ à¤¤à¥à¤¯à¤¸à¤•à¥‹ à¤°à¤•à¤®, à¤¨à¤¾à¤«à¤¾ à¤° à¤¬à¥à¤¯à¤¾à¤œ à¤«à¤¿à¤°à¥à¤¤à¤¾ à¤—à¤°à¥à¤¨ à¤¨à¥‡à¤ªà¤¾à¤² à¤œà¤¿à¤®à¥à¤®à¥‡à¤µà¤¾à¤° à¤¹à¥à¤¨à¥‡à¤› à¥¤

à¤§à¤¾à¤°à¤¾ 6.8: à¤¯à¤¸à¤²à¥‡ MCC à¤•à¥‹à¤· à¤ªà¥à¤°à¤¯à¥‹à¤— à¤…à¤¨à¥à¤¤à¤°à¥à¤—à¤¤ à¤¹à¥à¤¨à¥‡ à¤•à¥à¤¨à¥ˆ à¤ªà¤¨à¤¿ à¤¹à¤¾à¤¨à¤¿, à¤šà¥‹à¤Ÿà¤ªà¤Ÿà¤•, à¤®à¥ƒà¤¤à¥à¤¯à¥ à¤‡à¤¤à¥à¤¯à¤¾à¤¦à¤¿à¤•à¥‹ à¤²à¤¾à¤—à¤¿ MCC à¤µà¤¾ US à¤‰à¤¤à¥à¤¤à¤°à¤¦à¤¾à¤¯à¥€ à¤›à¥ˆà¤¨ à¤­à¤¨à¥€ à¤¬à¤¤à¤¾à¤‰à¤à¤›à¥¤ à¤¤à¤ªà¤¾à¤ˆ à¤…à¤¸à¥à¤ªà¤¤à¤¾à¤²à¤®à¤¾ à¤­à¤°à¥à¤¨à¤¾ à¤¹à¥à¤à¤¦à¤¾ à¤ªà¤¨à¤¿ à¤¤à¤ªà¤¾à¤ˆà¤²à¥‡ ""à¤¬à¤¿à¤°à¤¾à¤®à¥€à¤•à¥‹ à¤‰à¤ªà¤šà¤¾à¤°à¤•à¥‹ à¤•à¥à¤°à¤®à¤®à¤¾ à¤•à¥à¤¨à¥ˆ à¤šà¥‹à¤Ÿà¤ªà¤Ÿà¤•/à¤®à¥ƒà¤¤à¥à¤¯à¥/à¤¦à¥à¤°à¥à¤˜à¤Ÿà¤¨à¤¾à¤•à¥‹ à¤²à¤¾à¤—à¤¿ à¤…à¤¸à¥à¤ªà¤¤à¤¾à¤² à¤œà¤¿à¤®à¥à¤®à¥‡à¤µà¤¾à¤° à¤›à¥ˆà¤¨"" à¤­à¤¨à¥à¤¨à¥‡ à¤ªà¥à¤°à¤­à¤¾à¤µà¤®à¤¾ à¤•à¥‡à¤¹à¥€ à¤²à¥‡à¤–à¤¿à¤à¤•à¥‹ à¤«à¤¾à¤°à¤®à¤®à¤¾ à¤¹à¤¸à¥à¤¤à¤¾à¤•à¥à¤·à¤° à¤—à¤°à¥à¤¨à¥à¤ªà¤°à¥à¤›à¥¤ à¤‰à¤¨à¤•à¥‹ à¤¤à¤°à¥à¤•à¤²à¥‡ à¤…à¤¸à¥à¤ªà¤¤à¤¾à¤²à¤•à¥‹ à¤µà¤¿à¤°à¥à¤¦à¥à¤§à¤®à¤¾ à¤ªà¤¨à¤¿ à¤œà¤¾à¤¨à¥à¤ªà¤°à¥à¤› à¥¤

à¤§à¤¾à¤°à¤¾ à¥­.à¥§: à¤¯à¤¸ à¤•à¥à¤°à¤¾à¤®à¤¾ à¤‰à¤¹à¤¾à¤à¤¸à¤à¤— à¤¸à¤¹à¤®à¤¤à¥¤ à¤¯à¤¸à¤²à¤¾à¤ˆ à¤ªà¤°à¤¿à¤µà¤°à¥à¤¤à¤¨ à¤—à¤°à¥à¤¨à¥à¤ªà¤°à¥à¤› à¤° MCC à¤˜à¤°à¥‡à¤²à¥ à¤•à¤¾à¤¨à¥à¤¨à¤­à¤¨à¥à¤¦à¤¾ à¤®à¤¾à¤¥à¤¿ à¤¹à¥à¤¨à¥à¤¹à¥à¤à¤¦à¥ˆà¤¨à¥¤ à¤¤à¤° à¤¨à¥‡à¤ªà¤¾à¤²à¥€ à¤­à¥‚à¤®à¤¿à¤®à¤¾ à¤°à¤¹à¥‡à¤•à¤¾ à¤…à¤¨à¥à¤¯ à¤¦à¥‡à¤¶à¤•à¤¾ à¤¦à¥‚à¤¤à¤¾à¤µà¤¾à¤¸à¤•à¥‹ à¤¸à¤¿à¤®à¤¾à¤¨à¤¾à¤­à¤¿à¤¤à¥à¤° à¤¨à¥‡à¤ªà¤¾à¤² à¤¸à¤°à¤•à¤¾à¤°à¤•à¥‹ à¤˜à¤°à¥‡à¤²à¥ à¤•à¤¾à¤¨à¥‚à¤¨ à¤²à¤¾à¤—à¥‚ à¤¨à¤¹à¥à¤¨à¥‡ à¤•à¥à¤°à¤¾ à¤ªà¤¨à¤¿ à¤–à¥à¤¯à¤¾à¤² à¤—à¤°à¥à¤¨à¥à¤¹à¥‹à¤¸à¥à¥¤

à¤à¤¨à¥‡à¤•à¥à¤¸ 1 à¤° 5à¥¤ à¤­à¤¿à¤¡à¤¿à¤¯à¥‹à¤•à¥‹ à¤•à¥‡à¤Ÿà¤¾à¤²à¥‡ à¤¯à¥€ à¤¦à¥à¤ˆ à¤ à¤¾à¤‰à¤à¤®à¤¾ à¤­à¤¾à¤°à¤¤ à¤¸à¤°à¤•à¤¾à¤°à¤•à¥‹ à¤‰à¤²à¥à¤²à¥‡à¤– à¤—à¤°à¥‡à¤•à¥‹ à¤¸à¤®à¤¸à¥à¤¯à¤¾ à¤›à¥¤ à¤¬à¥à¤Ÿà¤µà¤² (à¤¨à¥‡à¤ªà¤¾à¤²) à¤¦à¥‡à¤–à¤¿ à¤—à¥‹à¤°à¤–à¤ªà¥à¤° (à¤­à¤¾à¤°à¤¤) à¤¸à¤®à¥à¤® à¤ªà¥à¤°à¤¸à¤¾à¤°à¤£ à¤²à¤¾à¤‡à¤¨ à¤¨à¤¿à¤°à¥à¤®à¤¾à¤£ à¤—à¤°à¥à¤¨à¥‡ à¤¯à¥‹à¤œà¤¨à¤¾ à¤°à¤¹à¥‡à¤•à¥‹ à¤­à¤¾à¤°à¤¤ à¤¸à¤°à¤•à¤¾à¤°à¤•à¥‹ à¤‰à¤²à¥à¤²à¥‡à¤– à¤› à¥¤ à¤²à¤¾à¤‡à¤¨ à¤¨à¤¿à¤°à¥à¤®à¤¾à¤£à¤²à¥‡ à¤­à¤¾à¤°à¤¤à¥€à¤¯ à¤­à¥‚à¤­à¤¾à¤— à¤›à¥à¤¨à¥‡ à¤­à¤à¤•à¤¾à¤²à¥‡ à¤†à¤¯à¥‹à¤œà¤¨à¤¾à¤•à¤¾ à¤²à¤¾à¤—à¤¿ à¤­à¤¾à¤°à¤¤ à¤¸à¤°à¤•à¤¾à¤°à¤²à¥‡ à¤ªà¤¨à¤¿ à¤¸à¥à¤µà¥€à¤•à¥ƒà¤¤à¤¿ à¤¦à¤¿à¤¨à¥à¤ªà¤°à¥à¤› à¤­à¤¨à¥à¤¨à¥‡ à¤®à¥‡à¤°à¥‹ à¤®à¤¾à¤¨à¥à¤¯à¤¤à¤¾ à¤› à¥¤

translated in nepali  from comment of r/gnexdnet",18,25-02-2022 15:24,False,neutral,neutral,neutral,neutral
t114jd,students âœŠðŸš©,26,25-02-2022 10:59,False,neutral,neutral,neutral,neutral
t114jd,Badbiwad partiyogita ma sadai partham hunney chatra;,13,25-02-2022 11:12,False,negative,neutral,negative,negative
t114jd,Eo r/nepal ma mcc barey sachi Eo bhai le bhane jati bujne hami kati cham? If you ask me I still donâ€™t have any clue,12,25-02-2022 11:25,False,neutral,neutral,neutral,neutral
t114jd,Xhhya dimaag nai ghumiskayo aba ta,10,25-02-2022 11:14,False,neutral,neutral,neutral,neutral
t114jd,neta banchha jasto chha vai pachhi,9,25-02-2022 11:33,False,neutral,neutral,neutral,neutral
t114jd,"I thought the caption is supposed to be sarcastic. It was a display of his memorization rather than comprehension. The experts are debating and here comes a 12 standard grade claiming to know stuff. I found an article I think which summarizes the view on MCC.  
https://www.recordnepal.com/to-mcc-or-not-to-mcc",11,25-02-2022 14:04,False,negative,neutral,neutral,neutral
t114jd,Holy shit 12 ma padhni bhayeni kya mature way ma present gareko yar aafulai.,9,25-02-2022 11:01,False,neutral,neutral,neutral,neutral
t114jd,I respect his thoughts.,8,25-02-2022 11:12,False,neutral,neutral,positive,neutral
t114jd,Nepali Sir ko Best Student,4,25-02-2022 13:08,False,positive,positive,positive,positive
t114jd,"Bhai sanga aru jholey haru vanda knowledge chai raicha, tara complete knowledge rainacha. Jastai MCC ko 3.8 le Nepal ko auditor general lai MCC audit garna rokdaina, MCC nepal ko constitution vanda mathi chaina, electricity generate garera india lai bechne ho so india sanga agreement garnai paro.",9,25-02-2022 12:18,False,neutral,neutral,positive,neutral
t114jd,Yesari nai yo buda paka neta ko against maa ni uthnu parcha hai aba,8,25-02-2022 11:06,False,neutral,neutral,neutral,neutral
t114jd,"Bhai le loksewa diye huncha. Euta paripakka bureaucrat jasari bolne khubi raicha. Loksewa ko interview round ma, thagda competition dincha sayad....

Ki ta kunai political party le backing garyo, athawa, bhai le ali ali lobbying, chakadi, ali hasaera bhasan dina janyo,  ani gunda-giri sikyo bhane,... politics ma ni future ramro cha....

Best Wishes.",6,25-02-2022 11:52,False,neutral,positive,positive,positive
t114jd,Wondering where those PRO-MCC ppl of reddit are watching this video and reading the comments.,18,25-02-2022 11:48,False,neutral,neutral,neutral,neutral
t114jd,Aba america le basement banaucha nepal ma ani china ma bomb padkaucha nepal ma bomb padkaidiye khyasa putali hasne basne euta atom bomb padkaide kasko bau le jati karayeni kasle k garna sakcha nepal le? We r literally so bhikhari zone k. NEPAL ko economy badauna ta educated mantri kaile aune ho. Mcc aye 20 years ma mata 50 barsa pugda raichu haina yo hamro generation leta nepal ko important turn over heryaum but pragati chai mantri ko hudo raucha janata ko haina. Atp m just confused,3,25-02-2022 12:49,False,neutral,,negative,neutral
t114jd,This type of protest is welcomed.,3,25-02-2022 14:10,False,positive,positive,neutral,positive
t114jd,These guys are the reason why i alway used to score less in nepali.,3,25-02-2022 17:05,False,neutral,neutral,negative,neutral
t114jd,Nothing new. Just parroting what he has been told. I doubt he has read anything from the actual document.,4,25-02-2022 13:34,False,negative,negative,neutral,negative
t114jd,and there are some kangres bhedas in reddit who say mcc pass garey kei hudaina,8,25-02-2022 11:40,False,neutral,neutral,neutral,neutral
t114jd,"give 5 gu-coins ! These are my last coins, i'm poor now

edit: gave my self a 1k poverty fund.",2,25-02-2022 11:11,False,negative,neutral,negative,negative
t114jd,majdoor kisan party ko chela haru . Municipality le chalako school college bata sab student lai gadi ma kochdai road ma ladai .,-1,25-02-2022 11:18,False,neutral,neutral,negative,neutral
t114jd,Still didn't get it lol,1,25-02-2022 14:07,False,neutral,neutral,neutral,neutral
t114jd,"So many are trolling him as they are the one who prepared those terms and conditions. I challenge any one of you who can explain the points that he is pointing out. 

Aafu neta haru ko pachadi hedako thaha chaina future college neta re",0,25-02-2022 15:38,False,neutral,neutral,negative,neutral
t114jd,twitter ma trend dtart garne ho kyaa ho....#fuckoffusa,-1,25-02-2022 16:13,False,negative,negative,negative,negative
t114jd,"Thank this boy, many who are lazy to read can find the MCC docs online and read juat those points.",-1,25-02-2022 21:31,False,neutral,neutral,positive,neutral
t114jd,Finally,-2,25-02-2022 12:59,False,positive,neutral,neutral,neutral
t114jd,"thik hos ki bethik, edi janta le nai bhanesi mcc lai pani naii bhanna parcha... that's it!!",-2,25-02-2022 14:08,False,neutral,neutral,neutral,neutral
t114jd,"Hawa kura garyo keto le.

Aakhir ma bachha ta ho ramrari bujheko chaina",-1,26-02-2022 03:42,False,neutral,neutral,neutral,neutral
t114jd,kaela sama hora deadline mcc ko,1,25-02-2022 14:00,False,neutral,neutral,neutral,neutral
t114jd,Herda ta angreji school padya jasto xa k bidhi suddha nepali boleko hau,1,25-02-2022 14:51,False,neutral,neutral,neutral,neutral
t114jd,F,1,25-02-2022 15:11,False,neutral,neutral,neutral,neutral
t114jd,That is too many complex Nepali for me. Could someone please translate? I am still not sure what MCC is tbh.,1,25-02-2022 16:51,False,neutral,neutral,neutral,neutral
t114jd,"Main point ta future ma MCC le afno bidhan ammend bhayo bhane , tyo new rules or clauses Nepal ma ni lagu huncha re! Blank check ma sign garya jasto bhayena ra?",1,25-02-2022 17:25,False,neutral,neutral,negative,neutral
t114jd,Aadi redditors le bhaiko Nepali nai nabujhna ber chaina. Arko aadi chai woke janata ma parchan jaslai America le kei galat garnai sakdainan bhanne lagcha. Marvel movies badi herera huna sakcha.,1,26-02-2022 03:53,False,neutral,neutral,negative,neutral
t114jd,when you understood the assignment,1,26-02-2022 04:29,False,neutral,neutral,neutral,neutral
t114jd,Khwopa back at it again,1,26-02-2022 04:49,False,neutral,neutral,positive,neutral
t114jd,u/savevideobot,1,26-02-2022 09:16,False,neutral,neutral,neutral,neutral
t114jd,"But have you heard of or got any resource of an opinion from an actual expert who have drafted many agreement of these kind, who is in favour of this compact. Believe me all these point he said were concerning to me too just until few days ago, but many of these points had been debunked itâ€™s just that us nepalese who have the capacity to think critically are even aware that such material exists.",1,27-02-2022 06:32,False,neutral,neutral,positive,neutral
t114jd,You deserve my free coin,7,25-02-2022 16:07,False,neutral,positive,positive,positive
t114jd,College neta be like,31,25-02-2022 14:00,False,neutral,neutral,positive,neutral
t114jd,"I think it's partly because it's much easier to rally people against a imaginary military deployment or  turning Nepal into Somalia than it is to convince them off all of this


(I am not saying I agree with this I think this is possible theory)",32,25-02-2022 11:11,False,neutral,neutral,neutral,neutral
t114jd,"What other anti MMC supporters do is populist nationalism or jingoism, of which there are dime a dozen in Nepal.

Every one of them be they Rajabadis who are using this just to further their ""Raja aau desh bachau"" agenda or the kamaunists and khaobadis whose netas are MCC shils while their karyakartas are on streets.",3,26-02-2022 02:08,False,negative,negative,negative,negative
t114jd,"I'm not an expert, although I hope that someone with the appropriate amount of expertise will make everything clear to me.

In 2040 we will be telling everyone that 2022 was the weirdest year

MCC à¤¸à¤®à¥à¤­à¤¾à¤µà¤¿à¤¤ à¤…à¤¤à¤¿ à¤†à¤•à¥à¤°à¤¾à¤®à¤• à¤˜à¤Ÿà¤¨à¤¾à¤•à¥‹ à¤•à¤® à¤†à¤•à¥à¤°à¤¾à¤®à¤• à¤¸à¤‚à¤¸à¥à¤•à¤°à¤£ à¤¹à¥‹, à¤œà¤¸à¤®à¤¾ à¤…à¤®à¥‡à¤°à¤¿à¤•à¤¾à¤²à¥‡ à¤¨à¥‡à¤ªà¤¾à¤²à¤•à¥‹ à¤œà¤¨à¤¸à¤‚à¤–à¥à¤¯à¤¾à¤²à¤¾à¤ˆ à¤¸à¥‚à¤šà¤¿à¤¤ à¤—à¤°à¥à¤¦à¤› à¤•à¤¿ à¤¤à¥à¤¯à¤¹à¤¾à¤ à¤ªà¥à¤°à¤¤à¥à¤¯à¥‡à¤• à¤¨à¥‡à¤ªà¤¾à¤²à¥€ à¤¨à¤¾à¤—à¤°à¤¿à¤•à¤²à¤¾à¤ˆ $ 100,000 à¤ªà¤ à¤¾à¤‡à¤¨à¥‡à¤›, à¤° à¤¨à¥‡à¤ªà¤¾à¤²à¥€ à¤°à¤¾à¤œà¤¨à¥€à¤¤à¤¿à¤œà¥à¤žà¤¹à¤°à¥‚à¤²à¥‡ à¤œà¤¨à¤¸à¤‚à¤–à¥à¤¯à¤¾à¤¬à¤¾à¤Ÿ à¤ªà¥ˆà¤¸à¤¾ à¤²à¥à¤•à¤¾à¤‡à¤°à¤¹à¥‡à¤•à¤¾ à¤›à¤¨à¥à¥¤  à¤¨à¥‡à¤ªà¤¾à¤²à¤•à¥‹à¥¤  .....à¤…à¤®à¥‡à¤°à¤¿à¤•à¤¾à¤²à¥‡ à¤¯à¤¸à¥à¤¤à¥‹ à¤—à¤°à¥à¤¯à¥‹ à¤­à¤¨à¥‡ à¤•à¥à¤°à¤¾à¤¨à¥à¤¤à¤¿ à¤¹à¥à¤¨à¥à¤› à¥¤

The MCC is a less aggressive version of a potentially extremely aggressive event, wherein the US informs the population of Nepal that there is to be, for example, $100,000 sent to each citizen of Nepal, and that Nepali politicians are hiding the money from the population of Nepal. ..... if the US does such a thing, then it would result in a revolution.",1,26-02-2022 09:46,False,neutral,neutral,positive,neutral
t114jd,"I am mind-boggled by how people say MCC will not pay tax in Nepal. No shit. Imagine I come to your house to fix your kitchen for **free,** do I deserve to be taxed by **you** on the money I spent to buy goods and services to fix your kitchen? (Section 2.8)

 Also, anti-MCC folks mention the intellectual property clause. Let's say I invent a state-of-the-art way to fix the kitchen floor when fixing your kitchen, cannot I claim intellectual property rights over it? Why should I give you the IP rights of that invention? (Section 3.2)

Also, the liability clause is also pretty standard I would say. (Section 6.1)

Maybe there is a hidden agenda that the US has but I do not think US can enforce any of those ambiguous clauses to harm Nepal easily and get away with it.  They will surely have some influence in Nepali politics but I guess the tradeoff of good road and electricity infrastructure over the rare chance that the US will enforce those ambiguous clauses to do something adversarial to Nepal is worth it IMO.

I think Nepal really politicized the matter and blew everything out of proportion and fucked everything up.",32,25-02-2022 17:33,False,negative,negative,negative,negative
t114jd,"Just cause a primary source says something doesn't mean that an interpretation by secondary source is wrong.

A lot of times we use secondary sources because they interpret the primary source in a certain way which makes sense and under wider context of stances is more clear than the primary source itself.",4,26-02-2022 05:11,False,negative,neutral,neutral,neutral
t114jd,"was searching for this.. I was sure that what was said was from a very biased standpoint. The problem with the agreement isnt what's written, its how its written. Its very open to interpretation and that is not the best way to move forward on a sensitive agreement. The whole protest is so misguided.. While it should be about discussing and amending the agreement, some are hell-bent on simply refusing it. We are not in a position where we can reject grants. I know we aren't beggars per say, so it doesnt 100% apply, but there is a reason the saying ""Beggars cant be choosers"" is true..",14,25-02-2022 18:51,False,negative,negative,negative,negative
t114jd,Yup. Heâ€™d be destroyed in the court.,9,25-02-2022 16:39,False,negative,negative,negative,negative
t114jd,Just goes show bhedas of /r/nepal like /u/sulu1385 will eat up any bullshit propaganda if it is presented in an authentic way.,8,26-02-2022 03:40,False,negative,negative,negative,negative
t114jd,Thisss,5,25-02-2022 17:10,False,neutral,neutral,neutral,neutral
t114jd,Intellectual properties generally are the properties of the investors so I don't think there's anything out of the ordinary there.,0,25-02-2022 21:39,False,neutral,neutral,neutral,neutral
t114jd,"I'm not an expert, although I hope that someone with the appropriate amount of expertise will make everything clear to me

In 2040 we will be telling everyone that 2022 was the weirdest year

MCC à¤¸à¤®à¥à¤­à¤¾à¤µà¤¿à¤¤ à¤…à¤¤à¤¿ à¤†à¤•à¥à¤°à¤¾à¤®à¤• à¤˜à¤Ÿà¤¨à¤¾à¤•à¥‹ à¤•à¤® à¤†à¤•à¥à¤°à¤¾à¤®à¤• à¤¸à¤‚à¤¸à¥à¤•à¤°à¤£ à¤¹à¥‹, à¤œà¤¸à¤®à¤¾ à¤…à¤®à¥‡à¤°à¤¿à¤•à¤¾à¤²à¥‡ à¤¨à¥‡à¤ªà¤¾à¤²à¤•à¥‹ à¤œà¤¨à¤¸à¤‚à¤–à¥à¤¯à¤¾à¤²à¤¾à¤ˆ à¤¸à¥‚à¤šà¤¿à¤¤ à¤—à¤°à¥à¤¦à¤› à¤•à¤¿ à¤¤à¥à¤¯à¤¹à¤¾à¤ à¤ªà¥à¤°à¤¤à¥à¤¯à¥‡à¤• à¤¨à¥‡à¤ªà¤¾à¤²à¥€ à¤¨à¤¾à¤—à¤°à¤¿à¤•à¤²à¤¾à¤ˆ $ 100,000 à¤ªà¤ à¤¾à¤‡à¤¨à¥‡à¤›, à¤° à¤¨à¥‡à¤ªà¤¾à¤²à¥€ à¤°à¤¾à¤œà¤¨à¥€à¤¤à¤¿à¤œà¥à¤žà¤¹à¤°à¥‚à¤²à¥‡ à¤œà¤¨à¤¸à¤‚à¤–à¥à¤¯à¤¾à¤¬à¤¾à¤Ÿ à¤ªà¥ˆà¤¸à¤¾ à¤²à¥à¤•à¤¾à¤‡à¤°à¤¹à¥‡à¤•à¤¾ à¤›à¤¨à¥à¥¤  à¤¨à¥‡à¤ªà¤¾à¤²à¤•à¥‹à¥¤  .....à¤…à¤®à¥‡à¤°à¤¿à¤•à¤¾à¤²à¥‡ à¤¯à¤¸à¥à¤¤à¥‹ à¤—à¤°à¥à¤¯à¥‹ à¤­à¤¨à¥‡ à¤•à¥à¤°à¤¾à¤¨à¥à¤¤à¤¿ à¤¹à¥à¤¨à¥à¤› à¥¤

The MCC is a less aggressive version of a potentially extremely aggressive event, wherein the US informs the population of Nepal that there is to be, for example, $100,000 sent to each citizen of Nepal, and that Nepali politicians are hiding the money from the population of Nepal. ..... if the US does such a thing, then it would result in a revolution.",1,26-02-2022 09:55,False,neutral,neutral,positive,neutral
t114jd,"Just the comment I was looking for. The MCC Compact is clear in its wordings. However, certain words are cherry picked to create chaos and misinformation is spread with unclear interpretations of the agreement.

Just to add on the audit reviews: the compact clearly mentions that it does not preclude (prevent) Office of Auditor General to conduct audits. 

To anyone who hasn't gone through the agreement, please do. Most of the issues raised are a by-product of misinformation and misinterpretation.",21,25-02-2022 14:09,False,negative,negative,negative,negative
t114jd,"About 7.1, it is my understanding that GoN must make sure that the terms of the compact doesn't conflict with the laws and constitution of Nepal at the time of signing. However, when the compact goes into force, and Nepal change the law and that contradicts the clues of the compact, the clues in the compact wins. The compact is a five year treaty, and any treaty worldwide if approved has to match the laws of those countries involved and supersedes any laws there after, unless they withdraw from the treaty.",5,25-02-2022 15:01,False,neutral,neutral,positive,neutral
t114jd,"Maile nabujheko 3.2 (c) pani ho where it says ""The government will ensure that any Program Assets or services funded in whole or in part by MCC Funding are used solely in furtherance of this Compact and the Program unless MCC agrees otherwise in writing""

Does this mean that the whole transmission line which is a program asset should be used as directed by MCC? After 5 years if Nepal wants to extend the transmission lines (or do whatever with it), and MCC doesn't agree with that, will it have the power to stop Nepal? After 5 years tyo perpetual wala clause bahek sabai invalid huncha ta?

You seem knowledgeable on this matter. Can you explain this to me?",1,25-02-2022 17:28,False,neutral,neutral,neutral,neutral
t114jd,"the intellectual property one is troublesome but it could be because i donâ€™t understand the wording. 

what counts as ip produced on mccâ€™s behalf? if a private company creates ip while completing a contract it won, does that count?",1,25-02-2022 18:00,False,neutral,negative,negative,negative
t114jd,Didn't he say he is in 12th grade,4,25-02-2022 14:05,False,neutral,neutral,neutral,neutral
t114jd,i only knew about  that  nepali law could not touch mcc and it's worker and nepal having to pay compensation if somehow mcc could not be completed. and another electricity to be sold  to india.,5,25-02-2022 11:51,False,neutral,neutral,negative,neutral
t114jd,"I will be honest, he has a lot more knowledge than me and I am fairly older than him.",1,25-02-2022 13:04,False,neutral,neutral,positive,neutral
t114jd,"The US law which states that MCC cannot make it legal for the US to build military bases in other countries can be changed by US, but Nepal cannot change that",1,26-02-2022 10:03,False,neutral,neutral,neutral,neutral
t114jd,Bro aajkal 12 ma padni ley desh chalaidina sakxa.,0,25-02-2022 13:04,False,neutral,neutral,neutral,neutral
t114jd,">Next is the topic of audit.

Could you point out the time stamp?

>project must be completed within years by the executing agency that is the Government of Nepal it will prevent any further legal wrangling that might happen in the future.

Thats your interpretation but isn't it open to more than that?",1,25-02-2022 14:26,False,neutral,neutral,positive,neutral
t114jd,"Bangladesh lai bechnu pani ta India bata nai janu parcha, wireless charging garnu mildaina Bangladesh le.",6,25-02-2022 15:22,False,neutral,neutral,negative,neutral
t114jd,Making a detailed comment on most of his points. :),9,25-02-2022 13:58,False,neutral,neutral,neutral,neutral
t114jd,If BP Koirala saw Nepal Congress after 1990 he would have started armed revolution again,17,25-02-2022 11:52,False,neutral,neutral,neutral,neutral
t114jd,"kangres and emale both. Such a shame, nepal ko sabai bhanda thulo bhanaudo party ko awastha dekhda birakta lagchha",8,25-02-2022 11:49,False,negative,negative,negative,negative
t114jd,Now you're Gu-Rich.,1,25-02-2022 12:31,False,neutral,neutral,positive,neutral
t114jd,Nice schooling from the party,5,25-02-2022 11:32,False,positive,positive,positive,positive
t114jd,One of the few parties that does anything for people they govern,7,25-02-2022 11:45,False,neutral,neutral,negative,neutral
t114jd,"Hamlai ni lagya thyo, ajhai lagdai xa aru aru section ko haru lai.",4,25-02-2022 11:48,False,neutral,neutral,negative,neutral
t114jd,"Janu parxa vanera sikauxa samjhauxa, jabarjasti tanera ladaina ni.",3,25-02-2022 13:45,False,neutral,neutral,neutral,neutral
t114jd,"This might work 

I understand redditors of r/nepal is intelligent then Dr. Sangraula

https://youtu.be/aCcj9JN7GFA",1,25-02-2022 16:51,False,neutral,positive,neutral,neutral
t114jd,There are detailed comments in both English and Nepali that habe clearly mentioned what is wrong with the statements made by the person in video in this comment section. Scroll some and read them. Your challenge was accepted even before you made it.,2,26-02-2022 01:03,False,negative,negative,negative,negative
t114jd,"Kati janta le nai vane pachi nai hunu parne? Sadak ma aako jati janata le nai vanyo vanera nai hunu parne?

Mcc pass hunu parcha vanne haru le protest gareko chaina agadi dekheko chaina vanera uni haru le garnu parcha vaneko uni haru ko awaj lai chai michi dine ho?

Kehi janata le nagarne vaneko chan kehi janata le garne vaneko chan kehi janata le j gare ni farak pardaina vaneko cha. Kati % janata le vaneko manne ta? Sadak ma aayera halla garyo vandai ma uni haru nai vanyo vanera nagarne ho?

Testai ho vane mcc ko myad thap magera aba aaume chunab ma esko ni voting gare vayo ta janata le vaneko nai sunne vae.

Kehi party ka neta haru le manche uksayera lerayera pradasani garyo dhunga muda garyo vanera sabai janata le nai vaneko vanna milcha?",1,26-02-2022 01:10,False,neutral,,negative,neutral
t114jd,Monday,1,25-02-2022 16:49,False,neutral,neutral,neutral,neutral
t114jd,Both parties le padhera OK navane samma MCC ma lekheko kura change garna mildaina.aaile agreement garda j lekheko cha tyo lagu hune ho.,2,26-02-2022 01:05,False,neutral,neutral,neutral,neutral
t114jd,"###[View link](https://redditsave.com/info?url=/r/Nepal/comments/t114jd/he_explained_mcc_very_well_thanks_brother_for/)


 --- 
 [**Info**](https://np.reddit.com/user/SaveVideo/comments/jv323v/info/)&#32;|&#32; [**Feedback**](https://np.reddit.com/message/compose/?to=Kryptonh&subject=Feedback for savevideo)&#32;|&#32;[**Donate**](https://ko-fi.com/getvideo) &#32;|&#32; [**DMCA**](https://np.reddit.com/message/compose/?to=Kryptonh&subject=Content removal request for savevideo&message=https://np.reddit.com//r/Nepal/comments/t114jd/he_explained_mcc_very_well_thanks_brother_for/)",1,26-02-2022 09:16,False,neutral,neutral,neutral,neutral
t114jd,"Maybe but that kind of stuff would then turn off many others who are neutral on MCC issue but ignore such fantastical claims..

This guy gives specific clauses which people can go and study and interpret for themselves",11,25-02-2022 11:12,False,neutral,neutral,positive,neutral
t114jd,">They will surely have some influence in Nepali politics but I guess the tradeoff of good road and electricity infrastructure over the rare chance that the US will enforce those ambiguous clauses to do something adversarial to Nepal is worth it IMO.

This.",1,26-02-2022 08:29,False,neutral,neutral,positive,neutral
t114jd,"Exactly cherry picking the details. And even saying things that are not there.

They have even mentioned that the compact can be edited if needed by written application. If you don't like some points you can try to get them changed.",11,25-02-2022 14:11,False,negative,negative,positive,negative
t114jd,"I think it isnt clear, and thats the issue. The clauses arent really the problem. Its very vague and gives people the chance to interpret whatever they want.. Thats the issue that needs solving. I think its reasonable to ask to maybe clear these doubts and make the clauses more clearer, but outright rejection is something very very unnecessary..",0,25-02-2022 18:55,False,negative,neutral,negative,negative
t114jd,Yes. But the wording on this should be a bit more clearer. As people are taking it out of context and protesting.,2,25-02-2022 15:04,False,neutral,neutral,negative,neutral
t114jd,"As far as I understand this Article 3.2 (c) is to ensure that the projects that have already been completed are used to complete future projects with in the MCC Compact duration of 5 years. Many organization have the habit of re-using assets for different purpose and we also know that assets just disappear in Nepal all the time.

Article 5.5 which deals with survival after expiration, termination or suspension of the compact does not mention Article 3.2 (c). So after the completion of the compact (5 years if everything works out), Nepal will be free to use the transmission lines as it sees fit while MCC while be allowed to use the IP (if any) without royalty in their future works in Nepal or other countries.",1,25-02-2022 17:43,False,neutral,neutral,negative,neutral
t114jd,"My understanding is any IP created for the completion of project under MCC compact (project that are funded by MCC) either by private or public entity is covered by the article.

What do you find troublesome about it?",1,26-02-2022 00:49,False,neutral,negative,neutral,neutral
t114jd,"3.2(f): The Government grants to MCC ...  
To grant, one needs to own it first, thus it is implied that IP ownership resides with Nepal Govt. 

What IP may be generated during project execution? Not much, we are not doing anything new. The schematics, design, specifications of the transmission lines and perhaps roads would be the only IP generated imo. MCC will have the rights to use that if required, without paying any royalty to Nepal Govt.",1,01-03-2022 16:04,False,neutral,neutral,positive,neutral
t114jd,These days you can study law from 11th grade,15,25-02-2022 14:14,False,neutral,neutral,neutral,neutral
t114jd,Tw aijo na bhetna  malai k bhanira,2,25-02-2022 13:40,False,neutral,neutral,negative,neutral
t114jd,Yo kta ni 17 barsa kai hola. Not saying anything but 17 barsa ko maturity puge ko hudaina is bullshit!,3,25-02-2022 13:08,False,negative,negative,negative,negative
t114jd,Oh yeah please go ahead. Aja Nepali ma leknu hai maja aaucha. Itâ€™s like seeing two toppers debating.,2,25-02-2022 14:06,False,neutral,neutral,neutral,neutral
t114jd,yeah a great poet,1,25-02-2022 12:23,False,positive,positive,positive,positive
t114jd,lol true!!,1,25-02-2022 14:31,False,positive,positive,positive,positive
t114jd,"YEah, Their ultimate goal is to make Nepal like North Korea. Nice schooling indeed.",-1,25-02-2022 11:53,False,positive,positive,positive,positive
t114jd,I'm denying anything about that but taking students out of their class without their consent to a political rally is a really desperate move imo .,1,25-02-2022 11:56,False,negative,negative,negative,negative
t114jd,Garo xa hamilai sathi,3,25-02-2022 12:52,False,neutral,neutral,positive,neutral
t114jd,"The right course of action that our government, and more specifically, the ministry of finance, energy, and physical infrastructure, should have taken is to conduct an interactive program/seminar where they answered all the burning questions that the public had. 

That way there would be no room for baseless interpretations and anyone oblivious to the matter could refer to the program as a benchmark to what the agreement entails. 

Our emotional Nepali mass has been brainwashed with words like ""rastra-ghaati"", ""deshdrohi"", ""sambhidaan-biparit"". It's easy to lull people by showing them an impending doom in the sovereignty of the country because, after all, ""our sovereignty, our pride"" lol",0,26-02-2022 01:04,False,neutral,negative,negative,negative
t114jd,It wouldn't matter. They will take anything out of context. Section 1.1 is the lest confusing and yet this guy was able to take it out of context by cherry picking one word.,3,25-02-2022 15:12,False,neutral,negative,positive,neutral
t114jd,anything private contractors may generate whilst completing the project,1,02-03-2022 14:03,False,neutral,neutral,neutral,neutral
t114jd,english ma chai lekhi sake arko comment ma cha mero comment. Nepali ma chai yo vai le jasari lekhna aaudaina kosailai fursad cha ra translate garne vae gare huncha hai. haha,3,25-02-2022 14:09,False,neutral,neutral,neutral,neutral
t114jd,Who told u that? They are doing good in their place. Bijukche is one of the visionary politician we got. Xeparo jasto rang ta ferdaina ni. Haina ra?,2,25-02-2022 16:25,False,positive,positive,positive,positive
t114jd,"Given that they are so willing to go protest you know why. Gov literally giving them excuses to bunk class technically and students dumb fuck follow because they see no loss.

Not that kid. He should have been the leader.",1,25-02-2022 12:21,False,negative,negative,negative,negative
t114jd,Tei bhanya. Students haru padai nahune bhanexi ta gai halxan ni,1,26-02-2022 04:57,False,neutral,neutral,neutral,neutral
t114jd,That details were too accurate. Gadi ma kochai koachai lageko ani hamro college majdoor kisan party ani municipality bata chalairakheko,2,25-02-2022 13:00,False,neutral,neutral,positive,neutral
t114jd,True.,2,25-02-2022 15:13,False,positive,neutral,positive,positive
