Serial_No,ID,Comment,20110031,20110040,20110181,Sentiment
14,fnztjy,"Pokhara is lovely, I'd kill to go back.

Just to clarify, I'm not offering my services. Want to see Nepal again, that's all.",positive,positive,positive,positive
105,fnztjy,"Thanks so much!! At the very least please do let the owner know that a lot of people appreciate the kindness!! 

Link to the post: https://www.reddit.com/r/MadeMeSmile/comments/hppcbr/sign_outside_a_small_mom_and_pop_restaurant_in/",positive,positive,positive,positive
184,ogolge,"If my memory serves, our flag used to be two triangular pennants, with the second one being added (IIRC) after the Kingdom of Lo was annexed and given autonomy. Of course, no war pennants from the 1700s survived, so only emblematic brass representations survive for historical and archeological archives to display.",neutral,neutral,neutral,neutral
313,iossvg,"Now we have reached peak content, can't get better than this. That coca cola bottle is a great touch!",positive,positive,positive,positive
454,oe0kqp,He is a bold one,positive,positive,positive,positive
481,qzil3r,"Per kera Rs.500.
Another bonus.",neutral,positive,neutral,neutral
544,qzil3r,"Lol @ ""listen kid"".

Trying to talk down to someone and you look like the bad guy here.",negative,neutral,negative,negative
564,jdsm92,This needs more upvotes.,positive,positive,neutral,positive
573,jdsm92,And you become Dalit !!,neutral,negative,neutral,neutral
587,jdsm92,quota decrease garni bhanya haina sabbai lai equal chance dini bhaneko ho,neutral,neutral,positive,neutral
723,td0nuq,"Hiya ! Nope, no contact. I think itâ€™s died down a bit - itâ€™s okay with me really. Iâ€™m sure these guys were shit scared when all of this was going down, and thatâ€™s punishment enough for them to know their behaviour was wrong. Hopefully they wonâ€™t do it again. 
Thanks for checking up! :)",negative,positive,positive,positive
764,td0nuq,But those two guys didn't break any law.,positive,neutral,positive,positive
777,td0nuq,"Hello, I (boka-hancock) noticed you replied ""thank you"". so i would take that youre a female??? It is quite astonishing to see a female here in the Nepal Official subreddit. I am quite popular around here in this subreddit, so if you
require guidance, please throw me a mention. I will assist you at any hour,
day or night. And, before you are mistaken, I do not seek your hand in a
 romantic way; although I am not opposed in the event you are interested in
 me, as many women often are. I am a man of standard, and I do not bow to 
just any female that comes my way, unlike my peers... So rest assured that I
 will not be in the way of your socializing experience here. Consider
 me a Player 2.. a companion, a partner, and perhaps we can enjoy some
 video games together some time. so I would be happy to assist you in games.
 Platonically of course, unless you (like many others) change your mind on
 that. I look forward to our future together (as friends of course.)",neutral,positive,positive,positive
820,ny1lcq,Woo,positive,neutral,positive,positive
826,ny1lcq,Niceeeeee ðŸ˜,positive,positive,positive,positive
831,ny1lcq,Awesome.,positive,positive,positive,positive
834,ny1lcq,Damn bro. Awesomeeeeeee,positive,positive,positive,positive
886,l0i1hf,Khas supremacists,negative,negative,neutral,negative
907,l0i1hf,"Its a great illustration. Congrats.
But it doesnt reflect the new nepali youth, i am afraid. Do we have to prove our nepaliness with traditional clothing all the time. Why cant we have a more realiatic image of todays nepali youth wearing baseball hats, tank tops or piercing and with tattoes and glasses? And in one of those you can insert something that screams nepali? A tshirt with buddha or a baseball hat with our flag or nepal written somewhere?",positive,negative,positive,positive
928,l0i1hf,"There are 67 ethnic groups.. Haven't you studied social studies? And this logo doesn't even represent many high percentage population cultures.. like Tamangs.. Rais.. Maithali.. Magar.. Gurung.. etc etc

Also this logo will be good for subreddits like r/Khas or something.. but if we put this as a logo of r/Nepal then it'll create division among ourselves.. And this is against our own country.. i.e. gardens of all types of people..

Edit: sorry it's not 67.. but 123 ethnic groups.. my bad for not researching properly..",neutral,neutral,neutral,neutral
1098,qibuvl,"Sir , I'm sorry to break it off to you, but you're talking to another man, not ma'm. 

I wish to be alive to see the miracles of Taiwan in person someday. I can't help but admire and respect what you have achieved as a society and people from afar. I read about Taiwan and hope there's a peace for the sake of the people, the great people , that have achieved so much. 

Have a good night, sir. The bright stars shine over Taiwan, always.",neutral,positive,positive,positive
1172,v40dqv,Wow mature man on Reddit destroys gen Z using logic.,negative,negative,negative,negative
1406,n16jug,Well you gotta dedicate those songs to your crush now.,positive,positive,positive,positive
1450,mhb59l,Wow,positive,positive,positive,positive
1568,xexrqs,"staged ho, tara real ma yesto huncha..",neutral,neutral,neutral,neutral
1580,xexrqs,May he burn in hell with seeing water but water always being out of the reach.,negative,negative,negative,negative
1871,jzyzt2,Donâ€™t reckon heâ€™s a woman tbh,neutral,neutral,neutral,neutral
1873,jzyzt2,Depends on if you have political connections.,neutral,neutral,neutral,neutral
1898,j1cnx9,"To all the people who are making fun of CGI, those tigers where not meant to be tigers in the movie. They were the de facto Baddies with tiger customs donned on. 

Stop making fun about the scene to soothe/pet your ego/superior complexity without understanding the [context](https://youtu.be/y88Aq93zSOo?t=5773). [Further evidence](https://youtu.be/y88Aq93zSOo?t=5863).",positive,negative,negative,negative
2012,qc1lix,"Yeah, a real shithole.",negative,negative,negative,negative
2021,qc1lix,"damn i just did it , this morning",neutral,positive,positive,positive
2206,xxaypq,"Hand program, using pen, chart paper(A1) aani other things here and there..(Digital hoina)",neutral,neutral,neutral,neutral
2213,xxaypq,"Mate im advocating ""not creating"", and you are advocating ""destroying"" by suggesting me to kill myself. Not creating is not equal to destroying. For example you could be creating lot more arts right now, but you are not, does that mean you are destroying lot more arts??

Im not watching lots of YouTube videos, i just get disgusted when I see people glorifying motherhood, for me it is the most hideous thing. Life is a death sentence, cause of suffering. 

Sorry about your art and didn't mean to dump my philosophy or whatever on your art but I just can't help feeling disgusted by motherhood.",negative,neutral,negative,negative
2231,xxaypq,">i totally get what you are implying

No, i don't think you did. 

>The baby must be given utmost care, love and respect and nothing must be expected from it.

Will it end the suffering? Will it remove all the pain? Will it remove all the diseases? Will it save them from old age? Will it save them from death? Thats the point, life is a death sentence, moment you are born you are sentenced to death. That useless love and care changes nothing.",negative,negative,negative,negative
2278,wy87z7,"Love it! It's the colors or something idk, but looking at these give such a good vibe",positive,positive,positive,positive
2329,vxcp7v,"Hi man, nice art can i buy this art man?",positive,positive,positive,positive
2402,pape0l,Mandarin has brought lots of changes in our society ðŸ˜ŒðŸŒ .,positive,positive,positive,positive
2658,gelxqc,Amazing photography â™¥ï¸ and a beautiful village â™¥ï¸,positive,positive,positive,positive
2826,t4vvzq,Herda budo cha paila ta desh nai bikash garna aye rsmro hune thiyo tara ni thikaicha best of luck ðŸ¤ž,neutral,neutral,positive,neutral
2977,t4vvzq,"Ofc, you don't care. I can blatently see that....

A pleasant day to you as well.",positive,negative,neutral,negative
2994,13xdigx,New Death Stranding looks lit.,positive,positive,positive,positive
3028,13xdigx,You mean your mom for not swallowing you?,negative,neutral,negative,negative
3083,wx8r2d,"the purple shirt man  got humbled so quickly, man am loving this.",positive,positive,positive,positive
3136,wx8r2d,yesko pani aucha aba..,neutral,neutral,neutral,neutral
3169,wx8r2d,Demmnn,positive,positive,neutral,positive
3269,kmug2g,Muji,neutral,neutral,neutral,neutral
3286,kmug2g,Guys he stole the meme i even have proof if you want,neutral,negative,negative,negative
3348,gtrb0p,Fucking retards trying to look cool in social media,negative,negative,negative,negative
3359,gtrb0p,"I completely support the black lives matter protests currently. But I donâ€™t like this being a race thing, partly because police shootings disproportionately effect the white community yet itâ€™s serielized as a black-man-only issue. Itâ€™s tragic that George died, itâ€™s right that they riot, but we need this accountability for every Duncan lemp and Breonna Taylor, why does police accountability have to be a race thing and gender thing. Hold police accountable. No matter what.",positive,negative,negative,negative
3437,rzgi41,Hahahaha thats so sarcastic ded,positive,positive,neutral,positive
3482,slzfoi,It has more personality than me.,positive,neutral,positive,positive
3554,q3tgpq,">It's all just marketing stunt

thanks stranger who wants to feel superior and thinks he understands more shit than others by pointing the obvious",negative,negative,negative,negative
3558,q3tgpq,">Do you know what happens when rich starts to consume less?

Demand down = price down. Food becomes more affordable. 

>People will produce fucking less.

Not until price > production cost.",neutral,negative,neutral,neutral
3631,hlf6mq,2074 ko,neutral,neutral,neutral,neutral
3688,ioni6r,"Now that's a good one, a lot of tiny references, love it.",positive,positive,positive,positive
3706,ioni6r,"bro lurk gardo raichas, dar lagcha lurker haru dekhera",neutral,neutral,neutral,neutral
3730,ioni6r,"It's everywhere my g. I'm on my phone rn, you can google lo-fi girl.",neutral,neutral,positive,neutral
3746,h9ut1i,"He was something like Elon musk in his era.
He was focused, committed.
He was a true visionary.
He's role was in spiritual feild.",positive,neutral,positive,positive
3822,z9mn67,thanx,positive,positive,positive,positive
3844,ldvh9m,Awesome ! :),positive,positive,positive,positive
3856,ldvh9m,Great to see the best Nepali food here!!,positive,positive,positive,positive
3861,ldvh9m,Great! What did you use to grayish it? Dry parsley or dry cilantro?,positive,positive,positive,positive
3905,ldvh9m,"Damn, bruh! You are on point. The era of ground invasion and colonialism is long gone. Ideological imperialism is the new weapon.

But I think this isn't the right post to bring up those issues. May be create a new separate post where the issue can be discussed more thoroughly, and without coming across as an asshole.

The dude is just sharing some gundruk soup. To be honest, it's cold and raining outside and the post made me crave for some gundruk soup.",negative,negative,neutral,negative
3944,ing2qv,Its not about us being rich suddenly but getting quality content which deserves awards.,neutral,negative,positive,negative
4004,iy99g8,This is peak r/Nepal and we can only go downhill,positive,positive,neutral,positive
4011,iy99g8,"am glad you liked it, fellow redditor",positive,positive,positive,positive
4095,v4j101,"Why 5 star then?

Edit: okay got it, it always defaults to 5 stars. Pretty scary ðŸ‘»",positive,neutral,neutral,neutral
4111,t114jd,"Yeti sure vayara ta maila afno phone number ni vanna sakdina, lol",neutral,neutral,neutral,neutral
4317,wt6qyo,Thank youu ðŸ–¤ðŸ–¤,positive,positive,positive,positive
4355,s24jma,Congratulations to the mods u/usernp u/chaotic_thundergod for turning r/nepal into stomping grounds for degenerates who post racist memes,negative,positive,negative,negative
4400,s24jma,"Urban doesn't have to be modern urban. There was existence of ""urban"" during the Roman times as well. Eauta example Dina parda.",neutral,neutral,neutral,neutral
4509,yxj1hi,"What is akhand Nepal ?

(Seriously asking, didn't know about this)",neutral,neutral,neutral,neutral
4523,yxj1hi,hahaha hola hola,positive,positive,positive,positive
4813,x66zt4,I hope China expands the railway in Tibet to Nepal. Things went bad with China after this Sere government.,neutral,neutral,positive,neutral
5106,x66zt4,"https://www.google.com/amp/s/himalsanchar.com/indias-blockade-in-nepal-is-a-symbol-of-ugly-neighborly-diplomacy/

http://archive.nepalitimes.com/blogs/thebrief/2015/09/25/unofficial-blockade/

And there are many more articles it is very obvious that India did it because we didn't give a shit to them when they tried to poke nose in our constitution its a fact India did it and we don't care if you believe it or not",neutral,neutral,negative,neutral
5128,x66zt4,We actually have a superiority complex ( cause we were never slaves ),negative,negative,negative,negative
5133,x66zt4,"I've given up on my own country. As long as Nepali Congress ( they suck modi's cock ) is in power, they'll keep closing our industries so that we become more dependent on India. I don't have patriotism, I just hate the people who did me harm. YOU AND YOUR GOVERNMENT made my life difficult, that's the only reason I have to hate India, because India went out of its way to make my life difficult.",negative,negative,negative,negative
5180,x66zt4,LolðŸ¤£Live in ur bubble of Fairytale and idk when i talked about economic crisisðŸ¤£Cry more Indian noone likes ur Country that's a fact Cry more and more,negative,negative,negative,negative
5185,x66zt4,U tried to give savage answer but looked dumb bcz ur sentence doesn't make any sense to what i said lol Indian hahahâ˜•â˜•â˜•,negative,negative,negative,negative
5230,hntkao,Insert press 'X' for doubt meme here,positive,neutral,neutral,neutral
5328,ukc73u,The general people in Nepal vote those they think is the lesser evil.,negative,neutral,negative,negative
5329,ukc73u,"Lmao same situation in the Philippines. People are trying to vote for the son of a dictator who stole, murdered and sank our country to the ground. International Media (HK, SK, SG, UK, USA, IND etc) are all making fun of us for even considering to bring back the Marcoses, whom we overthrew 35 years ago back into power",negative,negative,negative,negative
5350,k8zcry,Because love is love  ðŸŒˆ,positive,positive,positive,positive
5397,k2eunp,"Wow , it's beautiful portrait",positive,positive,positive,positive
5435,k2eunp,"It looks like you shared an AMP link. These should load faster, but Google's AMP is controversial because of [concerns over privacy and the Open Web](https://www.reddit.com/r/AmputatorBot/comments/ehrq3z/why_did_i_build_amputatorbot). Fully cached AMP pages (like the one you shared), are [especially problematic](https://www.reddit.com/r/AmputatorBot/comments/ehrq3z/why_did_i_build_amputatorbot).

You might want to visit **the canonical page** instead: **[https://www.urbandictionary.com/define.php?term=Karen](https://www.urbandictionary.com/define.php?term=Karen)**

*****

 ^(I'm a bot | )[^(Why & About)](https://www.reddit.com/r/AmputatorBot/comments/ehrq3z/why_did_i_build_amputatorbot)^( | )[^(Summon me with u/AmputatorBot)](https://www.reddit.com/r/AmputatorBot/comments/cchly3/you_can_now_summon_amputatorbot/)",positive,neutral,neutral,neutral
5581,so20o3,And that guy who got rejected will pretend he didn't see this post.,negative,neutral,neutral,neutral
5604,so20o3,"I have ""woke"" acquaintances who shove their pronouns down my throat and then ask for my pronouns. That's when the reply comes into play.",negative,negative,negative,negative
5814,w0ix8w,If a teacher beats you then the teacher gets suspended in Prasadi and there are no DIâ€™s. You can get suspended in Prasadi but rarely beaten. Only the Chief can beat you(which is of course still not a good thing),negative,neutral,negative,negative
6041,r5me14,"Make money in capitalist countries, vacation in communist countries.",negative,neutral,positive,negative
6155,io8isy,"Yo Lofi vaneko k ho koi bujhaideu na, ma ta sikistai vaye",neutral,neutral,neutral,neutral
6163,io8isy,+1,positive,positive,neutral,positive
6223,qdcto7,What's your profession,neutral,neutral,neutral,neutral
6232,qdcto7,lol,neutral,positive,neutral,neutral
6248,j9kgoq,this gave me chills .really excited about this .,positive,positive,positive,positive
6305,uzq10f,He's speaking the real issue without any sort of tone the politicians use. I'll be very impressed if he he solved the issue of waste management in a year.,positive,positive,positive,positive
6546,o5lxfo,">p. He could have just missed the class but he came to teach us and here we were doing stupid things, making fun of the way he spoke sometimes and shit. I felt so bad afterwards. My heart went very heavy and since I had no one to share, I am on reddit. People might be going through so

lol really? be more autocratic ? The more strict you become the more children hates you.",neutral,neutral,negative,neutral
6608,sp8px4,How does I feels to be this stupid sir,negative,negative,negative,negative
6616,m6im73,"All good, rad rad. <3",positive,positive,positive,positive
6734,klojao,Khata cha,neutral,neutral,neutral,neutral
6791,j93jhd,"Lol poor people Lipulekh,Kalapani aani aaru map ma samitiye pani jamana ma sarkar le India lai bechi sakyo...Mero hajurba tei border tira army hunu hunthyo..30 hoki 40 barsa aagadi nai bechi sakya ho India lai sarkar ley.Map ma etikai Janta haru lai khusi matra banauna sameteko ho tara relatity ma India ko full authority cha  lipulekh,Kalapani ma",neutral,negative,negative,negative
